path,frame,backend,kinema_err_mm,kinema_jump_deg,kinema_violation_deg,kinema_numpy_err_mm,kinema_numpy_jump_deg,kinema_numpy_violation_deg,blender_limited_err_mm,blender_limited_jump_deg,blender_limited_violation_deg,blender_unlimited_err_mm,blender_unlimited_jump_deg,blender_unlimited_violation_deg
through_singularity_y,0,PyRoki,0.00019824705564454304,0.0,0.0,0.002294778823852539,0.0,0.0,0.0004723926628871965,0.0,0.0,0.0004723926628871965,0.0,0.0
through_singularity_y,1,PyRoki,4.214684851089403e-05,0.8615224958649733,0.0,0.001700822481319937,0.8614883449191232,0.0,0.0004300734308261219,0.8615190807703883,0.0,0.0004300734308261219,0.8615190807703883,0.0
through_singularity_y,2,PyRoki,0.00014905817079352256,0.8722100343687508,0.0,0.0014998862598829827,0.8722014966322883,0.0,0.0003281640342704242,0.8721997890849956,0.0,0.0003281640342704242,0.8721997890849956,0.0
through_singularity_y,3,PyRoki,2.9802322387695312e-05,0.8826329030421901,0.0,0.0013273120984253965,0.8826192426638502,0.0,0.00020914776396182476,0.8826192426638502,0.0,0.00020914776396182476,0.8826192426638502,0.0
through_singularity_y,4,PyRoki,0.00019082797281243946,0.8927432905611016,0.0,0.0013814147986310813,0.8927484132029792,0.0,0.00018431718463976653,0.892744998108394,0.0,0.00018431718463976653,0.892744998108394,0.0
through_singularity_y,5,PyRoki,6.36577885249073e-05,0.9025651025875799,0.0,0.0012649541233740482,0.9025480271146549,0.0,0.00020553341841896954,0.9025599799457025,0.0,0.00020553341841896954,0.9025599799457025,0.0
through_singularity_y,6,PyRoki,0.00014919776018337003,0.9120146693042926,0.0,0.0011682215770223016,0.9120129617570001,0.0,0.00020267770452403193,0.9120163768515851,0.0,0.00020267770452403193,0.9120163768515851,0.0
through_singularity_y,7,PyRoki,9.996002811937584e-05,0.9211158963733348,0.0,0.001217890783649835,0.9211005284477023,0.0,0.00017441362009524742,0.9211056510895795,0.0,0.00017441362009524742,0.9211056510895795,0.0
through_singularity_y,8,PyRoki,0.00011638178938488147,0.9297936517138358,0.0,0.0013269774784097617,0.9297953592611283,0.0,0.00013348812510944095,0.9298021894502984,0.0,0.00013348812510944095,0.9298021894502984,0.0
through_singularity_y,9,PyRoki,7.920075813483186e-05,0.9380769636297688,0.0,0.0014805486617534423,0.9380701334405988,0.0,0.00015787497237635471,0.9380752560824762,0.0,0.00015787497237635471,0.9380752560824762,0.0
through_singularity_y,10,PyRoki,9.541398640621973e-05,0.9459146057023584,0.0,0.001678283591492815,0.9459026528713108,0.0,0.00018907453925087332,0.9459060679658958,0.0,0.00018907453925087332,0.9459060679658958,0.0
through_singularity_y,11,PyRoki,0.00028468628487799763,0.9532690118911696,0.0,0.001723968397889458,0.9532587666074146,0.0,0.00019140888122715248,0.9532638892492923,0.0,0.00019140888122715248,0.9532638892492923,0.0
through_singularity_y,12,PyRoki,0.00021811248612857532,0.9601333520070324,0.0,0.0021550603139151247,0.9601333520070324,0.0,0.00016924465733171324,0.9601384746489099,0.0,0.00016924465733171324,0.9601384746489099,0.0
through_singularity_y,13,PyRoki,0.00016049041769309352,0.9665144562391168,0.0,0.002159177742800707,0.9664973807661918,0.0,0.00020047462056687042,0.9665025034080693,0.0,0.00020047462056687042,0.9665025034080693,0.0
through_singularity_y,14,PyRoki,6.143906154658885e-05,0.9723354849592603,0.0,0.002407586844034487,0.9723406076011377,0.0,0.00016858739404357613,0.9723406076011377,0.0,0.00016858739404357613,0.9723406076011377,0.0
through_singularity_y,15,PyRoki,0.00017120130796843851,0.9776425419443601,0.0,0.002516002711009612,0.9776237589241425,0.0,0.00021542358837725164,0.9776322966606049,0.0,0.00021542358837725164,0.9776322966606049,0.0
through_singularity_y,16,PyRoki,0.0002827296549232345,0.9823553724716689,0.0,0.0029124432960559287,0.9823570800189614,0.0,0.00016049041769309352,0.9823613488871926,0.0,0.00016049041769309352,0.9823613488871926,0.0
through_singularity_y,17,PyRoki,3.332000937312528e-05,0.9865252029599617,0.0,0.0033039271818124964,0.9865166652234992,0.0,0.00034882724019049484,0.9865192265444379,0.0,0.00034882724019049484,0.9865192265444379,0.0
through_singularity_y,18,PyRoki,8.429369702178807e-05,0.9900880003857696,0.0,0.0034123659133911133,0.9900880003857696,0.0,0.00031715328475524134,0.9900914154803544,0.0,0.00031715328475524134,0.9900914154803544,0.0
through_singularity_y,19,PyRoki,0.000137381918091966,0.9930762081476504,0.0,0.003781960506252123,0.9930676704111877,0.0,0.00016924465733171324,0.993071939279419,0.0,0.00016924465733171324,0.993071939279419,0.0
through_singularity_y,20,PyRoki,0.0001341104507446289,0.9954394536004746,0.0,0.004016243055415592,0.9954385998268284,0.0,0.00031715328475524134,0.9954445762423523,0.0,0.00031715328475524134,0.9954445762423523,0.0
through_singularity_y,21,PyRoki,0.00018128044993574082,0.9972144490110316,0.0,0.00465987210655331,0.997215302784678,0.0,0.00025331974029541016,0.9972170103319704,0.0,0.00025331974029541016,0.9972170103319704,0.0
through_singularity_y,22,PyRoki,0.00019371509552001953,0.9983781424908725,0.0,0.005024873944671656,0.9983670434334712,0.0,0.00021542358837725164,0.9983755811699339,0.0,0.00021542358837725164,0.9983755811699339,0.0
through_singularity_y,23,PyRoki,0.00021542358837725164,0.998929253379528,0.0,0.005788118177412556,0.9989215694167117,0.0,0.00018128044993574082,0.9989266920585892,0.0,0.00018128044993574082,0.9989266920585892,0.0
through_singularity_y,24,PyRoki,9.064022496787041e-05,0.9988665010165285,0.0,0.006603097808429319,0.9988613783746509,0.0,0.00019082797281243946,0.9988652203560591,0.0,0.00019082797281243946,0.9988652203560591,0.0
through_singularity_y,25,PyRoki,4.214684851089403e-05,0.9982086684220917,0.0,0.007608950803675733,0.9982001306856291,0.0,0.00020047462056687042,0.9982052533275066,0.0,0.00020047462056687042,0.9982052533275066,0.0
through_singularity_y,26,PyRoki,0.0002528810910653642,0.9969435893217583,0.0,0.008750014636272913,0.9969393204535271,0.0,0.00013328003749250113,0.9969429489915237,0.0,0.00013328003749250113,0.9969429489915237,0.0
through_singularity_y,27,PyRoki,6.664001874625056e-05,0.9950900467357461,0.0,0.009463821207237625,0.9951017861233821,0.0,0.00017120130796843851,0.995091540839627,0.0,0.00017120130796843851,0.995091540839627,0.0
through_singularity_y,28,PyRoki,0.00013657139822709083,0.9926583926695158,0.0,0.00905147115925463,0.9926906226246618,0.0,0.00014901161193847656,0.992652949862521,0.0,0.00014901161193847656,0.992652949862521,0.0
through_singularity_y,29,PyRoki,0.0001228781230931777,0.9896633547184652,0.0,0.0056398090008705866,0.9897013476457234,0.0,0.0001228781230931777,0.9896577518289117,0.0,0.0001228781230931777,0.9896577518289117,0.0
through_singularity_y,30,PyRoki,6.664001874625056e-05,0.9861031719744492,0.0,0.00610300337608824,0.9859760664228633,0.0,0.00021490760299348766,0.9861018379531267,0.0,0.00021490760299348766,0.9861018379531267,0.0
through_singularity_y,31,PyRoki,0.0001519626234052415,0.9820000959131227,0.0,0.00473134747087148,0.982135579118612,0.0,0.00010745380149674383,0.982006659298028,0.0,0.00010745380149674383,0.982006659298028,0.0
through_singularity_y,32,PyRoki,6.664001874625056e-05,0.9773921728225968,0.0,0.004918105621445468,0.9774147978242225,0.0,0.0001884864366154897,0.9773829947558996,0.0,0.0001884864366154897,0.9773829947558996,0.0
through_singularity_y,33,PyRoki,0.00016049041769309352,0.9722607797652132,0.0,0.0031783865947472823,0.9723329236383215,0.0,0.00019314112360500874,0.9722663292939139,0.0,0.00019314112360500874,0.9722663292939139,0.0
through_singularity_y,34,PyRoki,7.300048299977714e-05,0.9666666413915612,0.0,0.01427792533184255,0.966365899624669,0.0,0.00019314112360500874,0.9666595977589796,0.0,0.00019314112360500874,0.9666595977589796,0.0
through_singularity_y,35,PyRoki,0.00011151007970493857,0.9605888402473076,0.0,0.01549055800458923,0.9605828638317839,0.0,0.00021696418193818684,0.9605888402473076,0.0,0.00021696418193818684,0.9605888402473076,0.0
through_singularity_y,36,PyRoki,0.00011151007970493857,0.9540630213821836,0.0,0.015102163301818556,0.954095037893918,0.0,0.00019082797281243946,0.9540672902504148,0.0,0.00019082797281243946,0.9540672902504148,0.0
through_singularity_y,37,PyRoki,0.00010745380149674383,0.9471427590924913,0.0,0.014957559667565519,0.9471572732444776,0.0,0.0001999200562387517,0.94713849022426,0.0,0.0001999200562387517,0.94713849022426,0.0
through_singularity_y,38,PyRoki,0.00013657139822709083,0.9398007326215507,0.0,0.014699193038464044,0.9398126854525982,0.0,0.00021490760299348766,0.9398041477161357,0.0,0.00021490760299348766,0.9398041477161357,0.0
through_singularity_y,39,PyRoki,5.9604644775390625e-05,0.9321014018796538,0.0,0.01466362090891818,0.9321048169742389,0.0,0.0002086162567138672,0.9320945716904838,0.0,0.0002086162567138672,0.9320945716904838,0.0
through_singularity_y,40,PyRoki,8.940696716308594e-05,0.9240247031861137,0.0,0.01504450634708371,0.9240366560171613,0.0,0.00017881393432617188,0.9240272645070525,0.0,0.00017881393432617188,0.9240272645070525,0.0
through_singularity_y,41,PyRoki,0.00019082797281243946,0.9156525988109706,0.0,0.015232019159854192,0.9156508912636782,0.0,0.00014901161193847656,0.9156474761690931,0.0,0.00014901161193847656,0.9156474761690931,0.0
through_singularity_y,42,PyRoki,0.00011920928955078125,0.9396222939294844,0.0,0.01566913606721713,0.9398750109287746,0.0,8.429369702178807e-05,0.939560822226954,0.0,8.429369702178807e-05,0.939560822226954,0.0
through_singularity_y,43,PyRoki,8.429369702178807e-05,0.982509051727994,0.0,0.01618663969886952,0.9827002970247546,0.0,0.00016858739404357613,0.9825500328630142,0.0,0.00016858739404357613,0.9825500328630142,0.0
through_singularity_y,44,PyRoki,0.00019768624248238801,1.0266115831987668,0.0,0.01680533906776555,1.0266252435771066,0.0,0.0002827296549232345,1.0265910926312565,0.0,0.0002827296549232345,1.0265910926312565,0.0
through_singularity_y,45,PyRoki,0.00010323827311807139,1.071827435504251,0.0,0.017578949817158192,1.0717796241800608,0.0,0.0001228781230931777,1.071827435504251,0.0,0.0001228781230931777,1.071827435504251,0.0
through_singularity_y,46,PyRoki,0.00010745380149674383,1.1184707973462678,0.0,0.018385593501348583,1.1183273633736976,0.0,0.00010745380149674383,1.1184707973462678,0.0,0.00010745380149674383,1.1184707973462678,0.0
through_singularity_y,47,PyRoki,0.0001519626234052415,1.1667260838324078,0.0,0.01946910701132908,1.1664460460764376,0.0,0.0001228781230931777,1.166664612129878,0.0,0.0001228781230931777,1.166664612129878,0.0
through_singularity_y,48,PyRoki,0.0001228781230931777,1.2166547666652012,0.0,0.020834892889965564,1.2163474081525507,0.0,0.00024934411839666235,1.2166001251518412,0.0,0.00024934411839666235,1.2166001251518412,0.0
through_singularity_y,49,PyRoki,0.00017120130796843851,1.2687281288973786,0.0,0.022002935740227117,1.2682909967904976,0.0,0.0012993949268216873,1.2684139401955579,0.0,0.0012993949268216873,1.2684139401955579,0.0
through_singularity_y,50,PyRoki,8.429369702178807e-05,1.32305545355566,0.0,0.023705063974615553,1.322556849746249,0.0,0.0035106073195045524,1.3224202459628487,0.0,0.0035106073195045524,1.3224202459628487,0.0
through_singularity_y,51,PyRoki,0.00034240261593687703,1.3801763255844766,0.0,0.025586018422917096,1.3795069670458155,0.0,0.011672508631841697,1.377717457483272,0.0,0.011672508631841697,1.377717457483272,0.0
through_singularity_y,52,PyRoki,0.00010323827311807139,1.4403571223614589,0.0,0.027648461119337255,1.4395511600393975,0.0,0.0454473983902269,1.4299274234988495,0.0,0.0454473983902269,1.4299274234988495,0.0
through_singularity_y,53,PyRoki,0.00016858739404357613,1.5040964476960177,0.0,0.030095624081281212,1.503147051401386,0.0,0.03611845982567984,1.506760221472323,0.0,0.03611845982567984,1.506760221472323,0.0
through_singularity_y,54,PyRoki,0.00017120130796843851,1.57217635824812,0.0,0.03329526340905255,1.570919603440838,0.0,0.030548020100293092,1.5736619243925976,0.0,0.030548020100293092,1.5736619243925976,0.0
through_singularity_y,55,PyRoki,0.00026151431761360536,1.645044231408401,0.0,0.036691536819249485,1.6436167218718685,0.0,0.028375395104667946,1.645522344650302,0.0,0.028375395104667946,1.645522344650302,0.0
through_singularity_y,56,PyRoki,0.0001228781230931777,1.7239158408491233,0.0,0.041180522969586686,1.7220785199623898,0.0,0.02979071212158546,1.723208916270027,0.0,0.02979071212158546,1.723208916270027,0.0
through_singularity_y,57,PyRoki,8.940696716308594e-05,1.8097610734324285,0.0,0.046286153747748374,1.8074832053442298,0.0,0.03431769450908252,1.807923752545695,0.0,0.03431769450908252,1.807923752545695,0.0
through_singularity_y,58,PyRoki,0.00013657139822709083,1.9041372122890798,0.0,0.05272280159915096,1.9011831554730492,0.0,0.00834555493287443,1.912992552548001,0.0,0.00834555493287443,1.912992552548001,0.0
through_singularity_y,59,PyRoki,0.00013328003749250113,2.0089259745354155,0.0,0.06067042137008545,2.0050976535056235,0.0,0.01669504713849633,2.0057055403417543,0.0,0.01669504713849633,2.0057055403417543,0.0
through_singularity_x,0,PyRoki,8.940696716308594e-05,0.0,0.0,0.001034960469853004,0.0,0.0,0.06779473538807401,0.0,0.0,0.06779473538807401,0.0,0.0
through_singularity_x,1,PyRoki,9.884312124119401e-05,1.3222016799094083,0.0,0.0038667293048818283,1.3154944341444557,0.0,0.05090772309696989,1.2725257140759056,0.0,0.05090772309696989,1.2725257140759056,0.0
through_singularity_x,2,PyRoki,2.9802322387695312e-05,1.3364084733830348,0.0,0.003894423538188847,1.3305071899401442,0.0,0.02252061942660996,1.342883492716207,0.0,0.02252061942660996,1.342883492716207,0.0
through_singularity_x,3,PyRoki,0.0001519626234052415,1.350355719668201,0.0,0.003962700400017419,1.3448232664404907,0.0,0.07356887845829774,1.3742340610065655,0.0,0.07356887845829774,1.3742340610065655,0.0
through_singularity_x,4,PyRoki,0.00013328003749250113,1.3641663621699667,0.0,0.003924073044980314,1.3589480976440769,0.0,0.027837730221805766,1.405489006648544,0.0,0.027837730221805766,1.405489006648544,0.0
through_singularity_x,5,PyRoki,7.300048299977714e-05,1.3778540612666723,0.0,0.003947429821443188,1.372922664685923,0.0,0.01800388363912467,1.4238075740025182,0.0,0.01800388363912467,1.4238075740025182,0.0
through_singularity_x,6,PyRoki,2.9802322387695312e-05,1.3914188169583175,0.0,0.004013588419120871,1.386828929836069,0.0,0.04641274223789496,1.4621112748679495,0.0,0.04641274223789496,1.4621112748679495,0.0
through_singularity_x,7,PyRoki,0.00021073424255447018,1.405010893406643,0.0,0.00416124097721745,1.4006805534728548,0.0,0.02516433348442153,1.4860715784763543,0.0,0.02516433348442153,1.4860715784763543,0.0
through_singularity_x,8,PyRoki,6.664001874625056e-05,1.4186234604224783,0.0,0.004199273073369519,1.4145731582446608,0.0,0.08678782703911739,1.5227496943193228,0.0,0.08678782703911739,1.5227496943193228,0.0
through_singularity_x,9,PyRoki,6.664001874625056e-05,1.432304329330014,0.0,0.004281692511265876,1.4285204045298268,0.0,0.046781008372596154,1.5741946791478587,0.0,0.046781008372596154,1.5741946791478587,0.0
through_singularity_x,10,PyRoki,0.0001519626234052415,1.4461354623992897,0.0,0.004397534392376122,1.442590594220053,0.0,0.032185156007903636,1.5924790955559829,0.0,0.032185156007903636,1.5924790955559829,0.0
through_singularity_x,11,PyRoki,0.0001228781230931777,1.4600622181169458,0.0,0.004463389065931158,1.4568042178828498,0.0,0.023596702743826876,1.630605211502994,0.0,0.023596702743826876,1.630605211502994,0.0
through_singularity_x,12,PyRoki,5.9604644775390625e-05,1.4742553512122323,0.0,0.004641323021661694,1.4712227472207466,0.0,0.07017481285937943,1.6758552147543286,0.0,0.07017481285937943,1.6758552147543286,0.0
through_singularity_x,13,PyRoki,0.00013657139822709083,1.4886738805501292,0.0,0.004586266600988037,1.4858939935579338,0.0,0.029962303989983764,1.6858546116992272,0.0,0.029962303989983764,1.6858546116992272,0.0
through_singularity_x,14,PyRoki,0.00010745380149674383,1.5033861080223365,0.0,0.0048625299701736575,1.5008316172727518,0.0,0.09218833366412074,1.7046171413492524,0.0,0.09218833366412074,1.7046171413492524,0.0
through_singularity_x,15,PyRoki,0.00011151007970493857,1.5183852034396845,0.0,0.004926045331158365,1.5161039202569004,0.0,0.031037784572693444,1.7130592551633879,0.0,0.031037784572693444,1.7130592551633879,0.0
through_singularity_x,16,PyRoki,5.9604644775390625e-05,1.5337872800180634,0.0,0.0050845941274236675,1.5317518836453996,0.0,0.018424633539908086,1.7090567643097605,0.0,0.018424633539908086,1.7090567643097605,0.0
through_singularity_x,17,PyRoki,0.0001228781230931777,1.549612828324983,0.0,0.005272653289856409,1.5478096583840995,0.0,0.005834332689777581,1.7276553694197052,0.0,0.005834332689777581,1.7276553694197052,0.0
through_singularity_x,18,PyRoki,8.940696716308594e-05,1.5658755087387832,0.0,0.0054694366578213445,1.5643318859863604,0.0,0.0031994149913763836,1.7271909165561443,0.0,0.0031994149913763836,1.7271909165561443,0.0
through_singularity_x,19,PyRoki,9.424321830774485e-05,1.5826231325836546,0.0,0.005654985764907194,1.5813527173980322,0.0,0.0011059031078385993,1.7390003136310965,0.0,0.0011059031078385993,1.7390003136310965,0.0
through_singularity_x,20,PyRoki,0.0001884864366154897,1.5999103413729567,0.0,0.005815501514516299,1.598940454510815,0.0,0.0005724839184373183,1.734396766130508,0.0,0.0005724839184373183,1.734396766130508,0.0
through_singularity_x,21,PyRoki,8.940696716308594e-05,1.6178122671875603,0.0,0.006009511021990623,1.617122418081389,0.0,0.00026151431761360536,1.7352437095875894,0.0,0.00026151431761360536,1.7352437095875894,0.0
through_singularity_x,22,PyRoki,0.00018128044993574082,1.636390381729995,0.0,0.006330731633117017,1.635973740190624,0.0,0.0002563692708922215,1.743057445998084,0.0,0.0002563692708922215,1.743057445998084,0.0
through_singularity_x,23,PyRoki,0.00019768624248238801,1.6555695529193906,0.0,0.006521535373463867,1.6555490623518807,0.0,0.00011151007970493857,1.7353051812901195,0.0,0.00011151007970493857,1.7353051812901195,0.0
through_singularity_x,24,PyRoki,6.664001874625056e-05,1.6756093279442081,0.0,0.00668854683932733,1.6758961958893486,0.0,0.00016858739404357613,1.744000012103546,0.0,0.00016858739404357613,1.744000012103546,0.0
through_singularity_x,25,PyRoki,0.00014901161193847656,1.696434574723577,0.0,0.0069819533488302095,1.6971039332622382,0.0,0.00016049041769309352,1.7526265410252722,0.0,0.00016049041769309352,1.7526265410252722,0.0
through_singularity_x,26,PyRoki,0.00010745380149674383,1.7181614064733877,0.0,0.007402983264142675,1.7192200857947397,0.0,0.0001884864366154897,1.7512605031912696,0.0,0.0001884864366154897,1.7512605031912696,0.0
through_singularity_x,27,PyRoki,5.9604644775390625e-05,1.7408512948961699,0.0,0.007640155359749691,1.7423471063244027,0.0,0.00021490760299348766,1.7626191077810005,0.0,0.00021490760299348766,1.7626191077810005,0.0
through_singularity_x,28,PyRoki,8.940696716308594e-05,1.7645930324511343,0.0,0.008198455846538808,1.766532806175418,0.0,0.00019082797281243946,1.774674391666073,0.0,0.00019082797281243946,1.774674391666073,0.0
through_singularity_x,29,PyRoki,0.00016049041769309352,1.7894959021650008,0.0,0.00872801093487285,1.7919411098878653,0.0,0.00016858739404357613,1.7839634489372904,0.0,0.00016858739404357613,1.7839634489372904,0.0
through_singularity_x,30,PyRoki,9.424321830774485e-05,1.8155803946052793,0.0,0.009201584677195186,1.8186129985967652,0.0,0.00019082797281243946,1.8118920924534725,0.0,0.00019082797281243946,1.8118920924534725,0.0
through_singularity_x,31,PyRoki,0.0001228781230931777,1.8430719060145808,0.0,0.009733504191759135,1.8466919062746876,0.0,0.00016858739404357613,1.8413575285329076,0.0,0.00016858739404357613,1.8413575285329076,0.0
through_singularity_x,32,PyRoki,0.0001519626234052415,1.8720455684737745,0.0,0.010403572002109514,1.8762734555700127,0.0,0.00013328003749250113,1.8866690034867721,0.0,0.00013328003749250113,1.8866690034867721,0.0
through_singularity_x,33,PyRoki,0.00014600096599955427,1.9025355329287117,0.0,0.01106950689779129,1.9075625521578412,0.0,0.00014901161193847656,1.9317345916305162,0.0,0.00014901161193847656,1.9317345916305162,0.0
through_singularity_x,34,PyRoki,0.00010745380149674383,1.9348696484595522,0.0,0.011850686550701768,1.940668479064893,0.0,0.00016858739404357613,1.978678481796014,0.0,0.00016858739404357613,1.978678481796014,0.0
through_singularity_x,35,PyRoki,0.00013657139822709083,1.969109386768826,0.0,0.01288691154210151,1.9757756513987585,0.0,0.00010745380149674383,2.028081240062716,0.0,0.00010745380149674383,2.028081240062716,0.0
through_singularity_x,36,PyRoki,0.00013657139822709083,2.0053298799374035,0.0,0.013954267168138797,2.0131026352128782,0.0,2.9802322387695312e-05,2.079594526782952,0.0,2.9802322387695312e-05,2.079594526782952,0.0
through_singularity_x,37,PyRoki,0.00013657139822709083,2.044091203477226,0.0,0.015055365186068774,2.0528953173173723,0.0,0.00010745380149674383,2.1345297382773647,0.0,0.00010745380149674383,2.1345297382773647,0.0
through_singularity_x,38,PyRoki,0.00010745380149674383,2.085311395118253,0.0,0.016375365987571815,2.0953859241440216,0.0,0.0006085806446272772,2.1906124215523395,0.0,0.0006085806446272772,2.1906124215523395,0.0
through_singularity_x,39,PyRoki,0.00014600096599955427,2.129338794508155,0.0,0.01780456189605436,2.1409091349621567,0.0,0.0036050956735531907,2.2495637842787195,0.0,0.0036050956735531907,2.2495637842787195,0.0
through_singularity_x,40,PyRoki,0.00018128044993574082,2.1766515148888335,0.0,0.019750734534340078,2.1897791384735976,0.0,0.018142247897448442,2.309840203704082,0.0,0.018142247897448442,2.309840203704082,0.0
through_singularity_x,41,PyRoki,0.00011151007970493857,2.227478367597483,0.0,0.0217880455945879,2.2424569724473216,0.0,0.01860629421541847,2.379965755912603,0.0,0.01860629421541847,2.379965755912603,0.0
through_singularity_x,42,PyRoki,5.9604644775390625e-05,2.2822906356868358,0.0,0.024392595535590124,2.2993763538956227,0.0,0.026105966863849316,2.4487150250033665,0.0,0.026105966863849316,2.4487150250033665,0.0
through_singularity_x,43,PyRoki,5.9604644775390625e-05,2.3416142437229817,0.0,0.027325593218230717,2.361100773425028,0.0,0.0400352135314688,2.508646519875643,0.0,0.0400352135314688,2.508646519875643,0.0
through_singularity_x,44,PyRoki,0.00031680303253932746,2.406016097407032,0.0,0.030898167681704475,2.428285929195858,0.0,0.011363598561273692,2.602138149234778,0.0,0.011363598561273692,2.602138149234778,0.0
through_singularity_x,45,PyRoki,0.0001228781230931777,2.4761484798047224,0.0,0.03526007714221078,2.501710462773495,0.0,0.018705700134220654,2.681894268173017,0.0,0.018705700134220654,2.681894268173017,0.0
through_singularity_x,46,PyRoki,5.9604644775390625e-05,2.552994938156536,0.0,0.04071139047618649,2.582303279885061,0.0,0.046016223744792153,2.7747985012635303,0.0,0.046016223744792153,2.7747985012635303,0.0
through_singularity_x,47,PyRoki,6.664001874625056e-05,2.6374399819599885,0.0,0.04756211630951078,2.671133305135662,0.0,0.024748868458416843,2.89515667972291,0.0,0.024748868458416843,2.89515667972291,0.0
through_singularity_x,48,PyRoki,0.00018128044993574082,2.730801837724893,0.0,0.055995264636269686,2.76951876503511,0.0,0.01423752732644683,3.010880574830436,0.0,0.01423752732644683,3.010880574830436,0.0
through_singularity_x,49,PyRoki,0.00011920928955078125,2.8341391847726007,0.0,0.06696609029939644,2.8789691313899795,0.0,0.012957020223420868,3.137969904716863,0.0,0.012957020223420868,3.137969904716863,0.0
through_singularity_x,50,PyRoki,6.664001874625056e-05,2.9495727968404015,0.0,0.08175804239313683,3.0013251401815886,0.0,0.020105504596691914,3.277879499675404,0.0,0.020105504596691914,3.277879499675404,0.0
through_singularity_x,51,PyRoki,9.424321830774485e-05,3.0786872778157375,0.0,0.003647589988897858,3.1708606806650597,0.0,0.03550160922275136,3.431756831486622,0.0,0.03550160922275136,3.431756831486622,0.0
through_singularity_x,52,PyRoki,5.9604644775390625e-05,3.2238919769283307,0.0,0.0053462575437748724,3.302758463727175,0.0,0.026716614335739623,3.6078203252693326,0.0,0.026716614335739623,3.6078203252693326,0.0
through_singularity_x,53,PyRoki,8.429369702178807e-05,3.387314498104641,0.0,0.007841636087647702,3.480172627418257,0.0,0.03079022722349146,3.780852922607851,0.0,0.03079022722349146,3.780852922607851,0.0
through_singularity_x,54,PyRoki,8.429369702178807e-05,3.570483096171458,0.0,0.012771607838401866,3.6787091511176024,0.0,0.021775364149763093,3.95728353905845,0.0,0.021775364149763093,3.95728353905845,0.0
through_singularity_x,55,PyRoki,0.00011920928955078125,3.77233226161826,0.0,0.022047193309349056,3.8947019307882083,0.0,0.011335739465379179,4.098856285079889,0.0,0.011335739465379179,4.098856285079889,0.0
through_singularity_x,56,PyRoki,0.00013328003749250113,4.176267941585523,0.0,0.0411742354395315,4.1525637700709925,0.0,0.011690908267348341,4.67637780770844,0.0,0.011690908267348341,4.67637780770844,0.0
through_singularity_x,57,PyRoki,0.00019082797281243946,5.013266643235564,0.0,0.08327487769117359,5.0243588704476645,0.0,0.02049052168485426,5.679797483580428,0.0,0.02049052168485426,5.679797483580428,0.0
through_singularity_x,58,PyRoki,6.664001874625056e-05,6.220140579009307,0.0,0.016535240554199006,6.361542570301496,0.0,0.005892726321202784,6.937276290914796,0.0,0.005892726321202784,6.937276290914796,0.0
through_singularity_x,59,PyRoki,8.429369702178807e-05,8.021674689586455,0.0,0.0603384872893844,8.09584029868904,0.0,0.007154357703448893,8.462935645820544,0.0,0.007154357703448893,8.462935645820544,0.0
reach_out_z,0,PyRoki,9.541398640621973e-05,0.0,0.0,0.0006031289862197245,0.0,0.0,0.0004375590938337452,0.0,0.0,0.0004375590938337452,0.0,0.0
reach_out_z,1,PyRoki,8.462232866585662e-05,1.3508918895180468,0.0,0.00173739168597703,1.3538357010503224,0.0,0.000296622950395858,1.3549882954727621,0.0,0.000296622950395858,1.3549882954727621,0.0
reach_out_z,2,PyRoki,8.632712234747758e-05,1.3409403038973384,0.0,0.0015357280517718714,1.3441043890303468,0.0,0.0002981163415870451,1.3441009739357617,0.0,0.0002981163415870451,1.3441009739357617,0.0
reach_out_z,3,PyRoki,6.36577885249073e-05,1.330606227683109,0.0,0.0014136531831086044,1.3336798128096148,0.0,0.0002636284532093127,1.3340793788760603,0.0,0.0002636284532093127,1.3340793788760603,0.0
reach_out_z,4,PyRoki,1.862645149230957e-05,1.3198230665309514,0.0,0.001273161220639608,1.3228471327859745,0.0,0.00017441362009524742,1.313431717015112,0.0,0.00017441362009524742,1.313431717015112,0.0
reach_out_z,5,PyRoki,0.00013348812510944095,1.3085993581773279,0.0,0.001109162568352398,1.3115329244258482,0.0,0.0002041870319624304,1.300010395296037,0.0,0.0002041870319624304,1.300010395296037,0.0
reach_out_z,6,PyRoki,8.880345106914801e-05,1.2968650931832462,0.0,0.0010942972879253124,1.2997030367833864,0.0,0.0001553160154553724,1.2886381303279657,0.0,0.0001553160154553724,1.2886381303279657,0.0
reach_out_z,7,PyRoki,6.602709243609182e-05,1.2845502621097131,0.0,0.0008000265554931475,1.2873199038181533,0.0,0.00019137390082192497,1.2738917519099082,0.0,0.00019137390082192497,1.2738917519099082,0.0
reach_out_z,8,PyRoki,7.851883362367001e-05,1.271630959294634,0.0,0.0008459736672715207,1.274315223638449,0.0,0.00015418663326152547,1.2800525825412596,0.0,0.00015418663326152547,1.2800525825412596,0.0
reach_out_z,9,PyRoki,9.83504860285229e-05,1.2580969394542536,0.0,0.0007940463043629347,1.2606821660551035,0.0,0.00016468353537443082,1.2570041091870516,0.0,0.00016468353537443082,1.2570041091870516,0.0
reach_out_z,10,PyRoki,0.00012128666487410445,1.243866240318532,0.0,0.0007468812212948656,1.2463626744601717,0.0,0.0002476687750010887,1.2355470699094566,0.0,0.0002476687750010887,1.2355470699094566,0.0
reach_out_z,11,PyRoki,0.0001468066908064338,1.2289217864145443,0.0,0.0007403118235623477,1.2313328431915587,0.0,0.00021490760299348766,1.2209065594235342,0.0,0.00021490760299348766,1.2209065594235342,0.0
reach_out_z,12,PyRoki,0.00014756100118412346,1.213280653215215,0.0,0.0007685301875011699,1.2155755967763393,0.0,0.00019082797281243946,1.2056103507772904,0.0,0.00019082797281243946,1.2056103507772904,0.0
reach_out_z,13,PyRoki,7.028863677424641e-05,1.1968608784505042,0.0,0.0008709215638758217,1.1990431238903236,0.0,0.00016340398937062404,1.1892418024313551,0.0,0.00016340398937062404,1.1892418024313551,0.0
reach_out_z,14,PyRoki,7.028863677424641e-05,1.1796624621204121,0.0,0.0009803390032365165,1.1817388396280961,0.0,0.00020701354726329155,1.1805025753883238,0.0,0.00020701354726329155,1.1805025753883238,0.0
reach_out_z,15,PyRoki,0.0001301187962038292,1.1616819891303536,0.0,0.001132904818428235,1.1636285930438073,0.0,0.00023760227440449558,1.160329611674691,0.0,0.00023760227440449558,1.160329611674691,0.0
reach_out_z,16,PyRoki,0.00012489448945403258,1.1428818934398934,0.0,0.0012032399325414842,1.144708969042872,0.0,0.00010133885226201596,1.141495365038381,0.0,0.00010133885226201596,1.141495365038381,0.0
reach_out_z,17,PyRoki,0.00018863363416749484,1.123265590143617,0.0,0.001341104507446289,1.1249731374361203,0.0,0.00015359765386647212,1.1240613071819234,0.0,0.00015359765386647212,1.1240613071819234,0.0
reach_out_z,18,PyRoki,8.429369702178807e-05,1.1028467396198638,0.0,0.0015242948356323745,1.1044108529397967,0.0,0.00020701354726329155,1.106094494570205,0.0,0.00020701354726329155,1.106094494570205,0.0
reach_out_z,19,PyRoki,0.0001519626234052415,1.0815775305444442,0.0,0.0016833036575283511,1.083022115553902,0.0,0.00015840151626966373,1.0815092286527441,0.0,0.00015840151626966373,1.0815092286527441,0.0
reach_out_z,20,PyRoki,9.541398640621973e-05,1.059543340281983,0.0,0.0018597222282675141,1.0608103403730205,0.0,0.00015840151626966373,1.054202132351033,0.0,0.00015840151626966373,1.054202132351033,0.0
reach_out_z,21,PyRoki,6.664001874625056e-05,1.0366485461841002,0.0,0.0019197068286435678,1.0377789424917372,0.0,0.00019082797281243946,1.0325640930604327,0.0,0.00019082797281243946,1.0325640930604327,0.0
reach_out_z,22,PyRoki,6.664001874625056e-05,1.012971695426251,0.0,0.002114915251637718,1.0139415822883928,0.0,0.00013328003749250113,1.0095087895170547,0.0,0.00013328003749250113,1.0095087895170547,0.0
reach_out_z,23,PyRoki,8.940696716308594e-05,0.9884922974409254,0.0,0.0023262998756035007,0.9893153352359119,0.0,0.0001884864366154897,0.9851762405988842,0.0,0.0001884864366154897,0.9851762405988842,0.0
reach_out_z,24,PyRoki,0.00014057727354849282,0.9632513333631435,0.0,0.0025226570074331147,0.9639002013342944,0.0,0.0002528810910653642,0.9634698994165837,0.0,0.0002528810910653642,0.9634698994165837,0.0
reach_out_z,25,PyRoki,8.429369702178807e-05,0.9372692937604148,0.0,0.002666974846068768,0.9377303315293906,0.0,0.00022351741790771484,0.9373649164087949,0.0,0.00022351741790771484,0.9373649164087949,0.0
reach_out_z,26,PyRoki,0.00018128044993574082,0.910508612592305,0.0,0.0029012526404120836,0.9108159711049554,0.0,0.00017441362009524742,0.9105222729706448,0.0,0.00017441362009524742,0.9105222729706448,0.0
reach_out_z,27,PyRoki,0.00014675941767984784,0.8830614974126085,0.0,0.003125161107467502,0.8831844408176688,0.0,0.00016391277313232422,0.8829487992913033,0.0,0.00016391277313232422,0.8829487992913033,0.0
reach_out_z,28,PyRoki,7.450580596923828e-05,0.854924533126741,0.0,0.003217546838823743,0.8548528161404559,0.0,0.00019082797281243946,0.8546718161274506,0.0,0.00019082797281243946,0.8546718161274506,0.0
reach_out_z,29,PyRoki,0.00013328003749250113,0.8261079650184572,0.0,0.0034776896844107017,0.8258518329245818,0.0,0.00019082797281243946,0.8257083989520114,0.0,0.00019082797281243946,0.8257083989520114,0.0
reach_out_z,30,PyRoki,8.940696716308594e-05,0.7966732647902873,0.0,0.0037168168020519587,0.7962019817375564,0.0,0.0001884864366154897,0.7960961138054212,0.0,0.0001884864366154897,0.7960961138054212,0.0
reach_out_z,31,PyRoki,6.664001874625056e-05,0.77033622877349,0.0,0.003825856813402465,0.7659374135252299,0.0,0.00021490760299348766,0.7658554512551896,0.0,0.00021490760299348766,0.7658554512551896,0.0
reach_out_z,32,PyRoki,2.9802322387695312e-05,0.7885763956943544,0.0,0.004085092939915279,0.7828806582567985,0.0,0.00024027400458748784,0.7829125680468272,0.0,0.00024027400458748784,0.7829125680468272,0.0
reach_out_z,33,PyRoki,7.300048299977714e-05,0.8068648675272984,0.0,0.004448140134444922,0.8002490822642004,0.0,0.00016858739404357613,0.8002330740083333,0.0,0.00016858739404357613,0.8002330740083333,0.0
reach_out_z,34,PyRoki,0.00010745380149674383,0.8253041371305113,0.0,0.0046070380610077335,0.8177546436635317,0.0,0.00016858739404357613,0.8175992568599139,0.0,0.00016858739404357613,0.8175992568599139,0.0
reach_out_z,35,PyRoki,8.429369702178807e-05,0.8440205630036389,0.0,0.004961527293123426,0.8354493159255075,0.0,0.00016049041769309352,0.8350546590575276,0.0,0.00016049041769309352,0.8350546590575276,0.0
reach_out_z,36,PyRoki,0.00016049041769309352,0.8629675077612542,0.0,0.005259835510283492,0.8533894481107807,0.0,0.0002980232238769531,0.8526406886230179,0.0,0.0002980232238769531,0.8526406886230179,0.0
reach_out_z,37,PyRoki,0.00010745380149674383,0.8825014219006675,0.0,0.005618350383888714,0.8857184409997435,0.0,0.00019082797281243946,0.8935731585452583,0.0,0.00019082797281243946,0.8935731585452583,0.0
reach_out_z,38,PyRoki,5.9604644775390625e-05,0.9267678779115202,0.0,0.005792777302355963,0.9303332366582668,0.0,0.00021490760299348766,0.939041727850033,0.0,0.00021490760299348766,0.939041727850033,0.0
reach_out_z,39,PyRoki,0.00011920928955078125,0.9712733905433232,0.0,0.0064102017447976315,0.9752963719644607,0.0,0.00014901161193847656,0.98560995761118,0.0,0.00014901161193847656,0.98560995761118,0.0
reach_out_z,40,PyRoki,8.940696716308594e-05,1.016216035282007,0.0,0.006628186580962171,1.0206624884316853,0.0,0.00010745380149674383,1.0343365271500509,0.0,0.00010745380149674383,1.0343365271500509,0.0
reach_out_z,41,PyRoki,0.000303925246810483,1.0615821517492319,0.0,0.007224097700387223,1.066499887951641,0.0,0.00023276357876976294,1.0757479640878382,0.0,0.00023276357876976294,1.0757479640878382,0.0
reach_out_z,42,PyRoki,8.429369702178807e-05,1.1074127210800173,0.0,0.007704577632955499,1.1128905327943674,0.0,0.00013328003749250113,1.1252121940570705,0.0,0.00013328003749250113,1.1252121940570705,0.0
reach_out_z,43,PyRoki,0.0001228781230931777,1.153844347057764,0.0,0.008173935503901527,1.1599095550407355,0.0,0.00016049041769309352,1.189682349632821,0.0,0.00016049041769309352,1.189682349632821,0.0
reach_out_z,44,PyRoki,0.00018128044993574082,1.2009658221416821,0.0,0.00869615221617857,1.2076389169607844,0.0,0.00013328003749250113,1.240048164572495,0.0,0.00013328003749250113,1.240048164572495,0.0
reach_out_z,45,PyRoki,0.0001228781230931777,1.2488454482234714,0.0,0.009391657069100215,1.2562083921487452,0.0,0.0001884864366154897,1.292504017398193,0.0,0.0001884864366154897,1.292504017398193,0.0
reach_out_z,46,PyRoki,0.0002457562461863554,1.2975788479515125,0.0,0.010180972347268408,1.3056999428746576,0.0,0.00021490760299348766,1.3373715300560067,0.0,0.00021490760299348766,1.3373715300560067,0.0
reach_out_z,47,PyRoki,0.00014600096599955427,1.3472753043525252,0.0,0.010827967513385635,1.3562570031110919,0.0,0.00016049041769309352,1.3782775329952133,0.0,0.00016049041769309352,1.3782775329952133,0.0
reach_out_z,48,PyRoki,0.00010745380149674383,1.39805776083157,0.0,0.011571516849451997,1.4080161766414485,0.0,0.00013328003749250113,1.4334996124347663,0.0,0.00013328003749250113,1.4334996124347663,0.0
reach_out_z,49,PyRoki,6.664001874625056e-05,1.4502062551446173,0.0,0.012805881417464868,1.4611277276274677,0.0,0.0001837138534477048,1.5045130892353886,0.0,0.0001837138534477048,1.5045130892353886,0.0
reach_out_z,50,PyRoki,8.429369702178807e-05,1.503645655210797,0.0,0.013769059980823306,1.5157829013659097,0.0,0.0007001960351747709,1.5706019996444323,0.0,0.0007001960351747709,1.5706019996444323,0.0
reach_out_z,51,PyRoki,0.00013328003749250113,1.5586833195427598,0.0,0.014936048675366582,1.572118301640175,0.0,0.0024445172136318537,1.6297446076675726,0.0,0.0024445172136318537,1.6297446076675726,0.0
reach_out_z,52,PyRoki,0.00022302015940987713,1.615513908531851,0.0,0.016293886599061707,1.6304276265845739,0.0,0.007786566100818084,1.669684138839222,0.0,0.007786566100818084,1.669684138839222,0.0
reach_out_z,53,PyRoki,8.940696716308594e-05,1.6742671957723008,0.0,0.018072202998135254,1.6908679705500167,0.0,0.019209533023014716,1.7271191995698594,0.0,0.019209533023014716,1.7271191995698594,0.0
reach_out_z,54,PyRoki,0.00017881393432617188,1.7352744454388547,0.0,0.0196722418913488,1.753746692049154,0.0,0.015110688539458027,1.7945775629074903,0.0,0.015110688539458027,1.7945775629074903,0.0
reach_out_z,55,PyRoki,0.00013328003749250113,1.798679091504083,0.0,0.021859713978595992,1.8193028477029363,0.0,0.012110601917407784,1.8617729639620757,0.0,0.012110601917407784,1.8617729639620757,0.0
reach_out_z,56,PyRoki,0.0001228781230931777,1.864815813237316,0.0,0.02432300433611966,1.8879291733886394,0.0,0.05261585458194097,1.9207550625397207,0.0,0.05261585458194097,1.9207550625397207,0.0
reach_out_z,57,PyRoki,0.00011920928955078125,1.9339680634891105,0.0,0.02719926876008695,1.9598783861055538,0.0,0.04882552777785505,2.00607095546235,0.0,0.04882552777785505,2.00607095546235,0.0
reach_out_z,58,PyRoki,0.00021490760299348766,2.006511502663816,0.0,0.030783995832200282,2.035591033055145,0.0,0.05000037510203854,2.0843210176886013,0.0,0.05000037510203854,2.0843210176886013,0.0
reach_out_z,59,PyRoki,5.9604644775390625e-05,2.0826203005852677,0.0,0.034847161159000724,2.115408623695914,0.0,0.010968914696754527,2.1760948544714775,0.0,0.010968914696754527,2.1760948544714775,0.0
arc_over_top,0,PyRoki,5.625064995341562e-05,0.0,0.0,0.00437526741936399,0.0,0.0,0.08921987359223202,0.0,0.0,0.08921987359223202,0.0,0.0
arc_over_top,1,PyRoki,6.420049048816445e-05,1.7389183513610562,0.0,0.0033657518523879707,1.7463837481238802,0.0,0.027425677500996153,1.8704951155321818,0.0,0.027425677500996153,1.8704951155321818,0.0
arc_over_top,2,PyRoki,6.828569911354542e-05,1.6890955364603983,0.0,0.0032839485201735658,1.6966633860607727,0.0,0.035486348104271245,1.821724149763706,0.0,0.035486348104271245,1.821724149763706,0.0
arc_over_top,3,PyRoki,0.00010133885226201596,1.6244956072904178,0.0,0.003128392239901461,1.6312028530553702,0.0,0.04175948800344353,1.7648799003962745,0.0,0.04175948800344353,1.7648799003962745,0.0
arc_over_top,4,PyRoki,9.424321830774485e-05,1.54548397897171,0.0,0.002935046507948851,1.551224752969106,0.0,0.051278567778529974,1.6892560459058936,0.0,0.051278567778529974,1.6892560459058936,0.0
arc_over_top,5,PyRoki,0.0001228781230931777,1.4528973496776023,0.0,0.0026740838537722984,1.457555538691551,0.0,0.07607106276022116,1.5954775486016186,0.0,0.07607106276022116,1.5954775486016186,0.0
arc_over_top,6,PyRoki,6.705522537231445e-05,1.3479105119453363,0.0,0.0027510304095492593,1.351455380124573,0.0,0.08942077078159234,1.4829023707014684,0.0,0.08942077078159234,1.4829023707014684,0.0
arc_over_top,7,PyRoki,5.1619136559035694e-05,1.2320909941894302,0.0,0.0027871545531782446,1.2344747302097645,0.0,0.09264073006392863,1.4053677707907761,0.0,0.09264073006392863,1.4053677707907761,0.0
arc_over_top,8,PyRoki,8.940696716308594e-05,1.1072624569182772,0.0,0.0028725249456913494,1.1084372494555192,0.0,0.08635899158935004,1.3162320945748174,0.0,0.08635899158935004,1.3162320945748174,0.0
arc_over_top,9,PyRoki,0.00017184857420132752,0.9752553908294407,0.0,0.0030373888934461662,0.9752963719644607,0.0,0.071116236333247,1.1879090617695565,0.0,0.071116236333247,1.1879090617695565,0.0
arc_over_top,10,PyRoki,0.00011250129990683123,1.0199931298930243,0.0,0.0033107415902663326,1.0205053940807751,0.0,0.047591220284334546,1.026052361460472,0.0,0.047591220284334546,1.026052361460472,0.0
arc_over_top,11,PyRoki,0.0001043081283569336,1.1319740813353834,0.0,0.0035473527947346,1.1325478172256642,0.0,0.03230423625338367,1.1471985729953416,0.0,0.03230423625338367,1.1471985729953416,0.0
arc_over_top,12,PyRoki,0.0001228781230931777,1.2370633719051993,0.0,0.003845654543302971,1.2377463908222006,0.0,0.024866390596492916,1.2874496774123836,0.0,0.024866390596492916,1.2874496774123836,0.0
arc_over_top,13,PyRoki,9.996002811937584e-05,1.3351858695216026,0.0,0.004071508819821966,1.335971341276154,0.0,0.08050415462970575,1.4347495370528784,0.0,0.08050415462970575,1.4347495370528784,0.0
arc_over_top,14,PyRoki,0.00010745380149674383,1.4263142534279127,0.0,0.0042413636619142115,1.4271611968849942,0.0,0.033192633410506045,1.5429670542625602,0.0,0.033192633410506045,1.5429670542625602,0.0
arc_over_top,15,PyRoki,0.0001228781230931777,1.5104143726782797,0.0,0.004683992242033764,1.5113432784054015,0.0,0.02254659438840746,1.6388970611553897,0.0,0.02254659438840746,1.6388970611553897,0.0
arc_over_top,16,PyRoki,0.00013657139822709083,1.587663812191124,0.0,0.004863739926733136,1.5887634726474962,0.0,0.05304239073214897,1.7496827294929964,0.0,0.05304239073214897,1.7496827294929964,0.0
arc_over_top,17,PyRoki,0.00012013700229374392,1.6582811380198859,0.0,0.0052610174009515495,1.659537892827168,0.0,0.02380111032341182,1.8143373001763372,0.0,0.02380111032341182,1.8143373001763372,0.0
arc_over_top,18,PyRoki,0.00018907453925087332,1.7225122369746857,0.0,0.005575603546929158,1.7239807276462384,0.0,0.010315823242860978,1.8902548528010288,0.0,0.010315823242860978,1.8902548528010288,0.0
arc_over_top,19,PyRoki,0.0001548574096771071,1.7805893354873041,0.0,0.005853880920677765,1.7823242035364872,0.0,0.004230040477735257,1.9446982906752004,0.0,0.004230040477735257,1.9446982906752004,0.0
arc_over_top,20,PyRoki,0.0001228781230931777,1.832853943016242,0.0,0.006301218145634963,1.8348688488213953,0.0,0.0013267892175645867,2.008191729199639,0.0,0.0013267892175645867,2.008191729199639,0.0
arc_over_top,21,PyRoki,0.00014675941767984784,1.8794836444799188,0.0,0.006513989397240274,1.8818947012569331,0.0,0.0007009883812868045,2.0274733532265845,0.0,0.0007009883812868045,2.0274733532265845,0.0
arc_over_top,22,PyRoki,6.664001874625056e-05,1.9208882512285361,0.0,0.006963866016376718,1.9236886287882413,0.0,0.00028115454709698565,2.058994676246194,0.0,0.00028115454709698565,2.058994676246194,0.0
arc_over_top,23,PyRoki,0.00016323404237781946,1.9572111972346637,0.0,0.007223851802955343,1.96050334841461,0.0,0.00017120130796843851,2.080550753266754,0.0,0.00017120130796843851,2.080550753266754,0.0
arc_over_top,24,PyRoki,6.664001874625056e-05,1.9887871617676327,0.0,0.007792780190032095,1.99259157713533,0.0,0.00021696418193818684,2.0828252062603685,0.0,0.00021696418193818684,2.0828252062603685,0.0
arc_over_top,25,PyRoki,4.214684851089403e-05,2.015752748610843,0.0,0.008211878379258426,2.0201855413821814,0.0,0.00019314112360500874,2.0921142635315855,0.0,0.00019314112360500874,2.0921142635315855,0.0
arc_over_top,26,PyRoki,9.424321830774485e-05,2.0384221464661154,0.0,0.008602294648274705,2.043496977019435,0.0,0.00023466372114455138,2.0957752449267124,0.0,0.00023466372114455138,2.0957752449267124,0.0
arc_over_top,27,PyRoki,0.00016049041769309352,2.0568226760901296,0.0,0.009249865054504983,2.0626761482088307,0.0,0.00019082797281243946,2.094791697686231,0.0,0.00019082797281243946,2.094791697686231,0.0
arc_over_top,28,PyRoki,8.429369702178807e-05,2.0712685261847072,0.0,0.009709750309495531,2.0778733191121095,0.0,0.00020212918469683134,2.0888289425408098,0.0,0.00020212918469683134,2.0888289425408098,0.0
arc_over_top,29,PyRoki,7.300048299977714e-05,2.0818211684523766,0.0,0.010233876239929784,2.0892524142693505,0.0,0.00011151007970493857,2.078931998433461,0.0,0.00011151007970493857,2.078931998433461,0.0
arc_over_top,30,PyRoki,8.940696716308594e-05,2.088473772703969,0.0,0.010952383887968858,2.0968680751939144,0.0,0.0001519626234052415,2.086936980140716,0.0,0.0001519626234052415,2.086936980140716,0.0
arc_over_top,31,PyRoki,0.00013328003749250113,2.0914380748037544,0.0,0.01165712802017976,2.100809094345012,0.0,0.00013657139822709083,2.093405169284718,0.0,0.00013657139822709083,2.093405169284718,0.0
arc_over_top,32,PyRoki,2.9802322387695312e-05,2.090700414373393,0.0,0.012423315338157152,2.1010891321009826,0.0,0.0001519626234052415,2.1142782273882776,0.0,0.0001519626234052415,2.1142782273882776,0.0
arc_over_top,33,PyRoki,0.00011151007970493857,2.086288112169565,0.0,0.013028115143147669,2.0978038111102064,0.0,0.0001519626234052415,2.128771888807044,0.0,0.0001519626234052415,2.128771888807044,0.0
arc_over_top,34,PyRoki,0.0001228781230931777,2.0782421493272896,0.0,0.013866793548972236,2.090864338913473,0.0,0.00013657139822709083,2.1371866818645,0.0,0.00013657139822709083,2.1371866818645,0.0
arc_over_top,35,PyRoki,8.429369702178807e-05,2.0664259220631678,0.0,0.014804106787465588,2.0802502249432737,0.0,0.00010745380149674383,2.141018417988877,0.0,0.00010745380149674383,2.141018417988877,0.0
arc_over_top,36,PyRoki,9.424321830774485e-05,2.050941883214749,0.0,0.01554621800695784,2.0659682993887767,0.0,6.664001874625056e-05,2.1393040405072044,0.0,6.664001874625056e-05,2.1393040405072044,0.0
arc_over_top,37,PyRoki,6.664001874625056e-05,2.0315373157827428,0.0,0.016287916669395393,2.0478546377099036,0.0,0.00036983709472390583,2.1321869833920504,0.0,0.00036983709472390583,2.1321869833920504,0.0
arc_over_top,38,PyRoki,0.0001497548166084422,2.0082327103346587,0.0,0.017425141638980984,2.025840938014952,0.0,0.002195937768962706,2.1192847560498964,0.0,0.002195937768962706,2.1192847560498964,0.0
arc_over_top,39,PyRoki,0.00013657139822709083,1.9809051234654376,0.0,0.018596631259863737,1.9997769361421833,0.0,0.010858274840024672,2.0997162640778098,0.0,0.010858274840024672,2.0997162640778098,0.0
arc_over_top,40,PyRoki,0.0001497548166084422,1.9493974608241693,0.0,0.019490884029566273,1.9695396886865368,0.0,0.04995172402927347,2.068734526002632,0.0,0.04995172402927347,2.068734526002632,0.0
arc_over_top,41,PyRoki,8.940696716308594e-05,1.9135253073032623,0.0,0.020669973214794298,1.9349208748783273,0.0,0.046390921474404476,2.0400374862048234,0.0,0.046390921474404476,2.0400374862048234,0.0
arc_over_top,42,PyRoki,8.429369702178807e-05,1.8731486440247318,0.0,0.0217913319831996,1.895742909799134,0.0,0.04370415063361231,1.9993158983732073,0.0,0.04370415063361231,1.9993158983732073,0.0
arc_over_top,43,PyRoki,5.3726900748371914e-05,1.8280147539892881,0.0,0.022966126756205105,1.8517735670171769,0.0,0.04139035383427341,1.958952895473017,0.0,0.04139035383427341,1.958952895473017,0.0
arc_over_top,44,PyRoki,9.064022496787041e-05,1.7780245994539643,0.0,0.023908285086752547,1.8028216012356957,0.0,0.03927762931032331,1.9115035713089386,0.0,0.03927762931032331,1.9115035713089386,0.0
arc_over_top,45,PyRoki,6.664001874625056e-05,1.7228947275682065,0.0,0.025089537832391564,1.7486172199824743,0.0,0.03711897199343098,1.8572445485423572,0.0,0.03711897199343098,1.8572445485423572,0.0
arc_over_top,46,PyRoki,6.828569911354542e-05,1.6624134024677435,0.0,0.02609572847291955,1.688941857204073,0.0,0.03479066300728835,1.797668223506921,0.0,0.03479066300728835,1.797668223506921,0.0
arc_over_top,47,PyRoki,6.664001874625056e-05,1.5963074165857751,0.0,0.02704437193267906,1.623529135522861,0.0,0.03235250402730288,1.7314290489361372,0.0,0.03235250402730288,1.7314290489361372,0.0
arc_over_top,48,PyRoki,0.00010848209096909342,1.5274830154141417,0.0,0.02791380479083264,1.5521570737908126,0.0,0.029316170524423018,1.6568433831995981,0.0,0.029316170524423018,1.6568433831995981,0.0
arc_over_top,49,PyRoki,6.664001874625056e-05,1.503102655171781,0.0,0.028571759408455112,1.515379920204879,0.0,0.025693339881590328,1.576332528358073,0.0,0.025693339881590328,1.576332528358073,0.0
arc_over_top,50,PyRoki,0.0001519626234052415,1.4742604738541099,0.0,0.028926696620559834,1.4863618615160799,0.0,0.02117202792928576,1.5266924210177126,0.0,0.02117202792928576,1.5266924210177126,0.0
arc_over_top,51,PyRoki,7.450580596923828e-05,1.4409547639138351,0.0,0.02915948225945417,1.452712934570012,0.0,0.0156382202523208,1.4907741637199081,0.0,0.0156382202523208,1.4907741637199081,0.0
arc_over_top,52,PyRoki,0.00013657139822709083,1.4030352611892167,0.0,0.02910288338312341,1.4144228940829204,0.0,0.010765622324383958,1.4491697739380678,0.0,0.010765622324383958,1.4491697739380678,0.0
arc_over_top,53,PyRoki,6.705522537231445e-05,1.3606027109705123,0.0,0.028688818312776757,1.3714883249602203,0.0,0.043079636497114285,1.3970964117058906,0.0,0.043079636497114285,1.3970964117058906,0.0
arc_over_top,54,PyRoki,3.0719530773294425e-05,1.3136468679739677,0.0,0.02774631826400646,1.323917764938374,0.0,0.030835889216178764,1.352809465127528,0.0,0.030835889216178764,1.352809465127528,0.0
arc_over_top,55,PyRoki,8.560065398421926e-05,1.2623316567396616,0.0,0.026505274759141165,1.2718666008209993,0.0,0.017421275371640007,1.2968650931832462,0.0,0.017421275371640007,1.2968650931832462,0.0
arc_over_top,56,PyRoki,0.00014770200551747538,1.2068380772806004,0.0,0.024888687624194012,1.215456068465864,0.0,0.04102387983639524,1.2300590129113513,0.0,0.04102387983639524,1.2300590129113513,0.0
arc_over_top,57,PyRoki,0.0001383883924857282,1.1473129786639393,0.0,0.02262752489636145,1.1549679131762312,0.0,0.02163348919366885,1.1719084898651553,0.0,0.02163348919366885,1.1719084898651553,0.0
arc_over_top,58,PyRoki,0.00012737006692050963,1.0842088609221916,0.0,0.02005163171669117,1.0907146161066288,0.0,0.037744709691636305,1.0967951920152323,0.0,0.037744709691636305,1.0967951920152323,0.0
arc_over_top,59,PyRoki,0.00012693349299878494,1.0177681957708926,0.0,0.017160109314349557,1.02310769615455,0.0,0.012976422466253374,1.0311118240881585,0.0,0.012976422466253374,1.0311118240881585,0.0
reach_far_y,0,PyRoki,11.340569202644904,0.0,0.0,15.709063333422064,0.0,0.0,15.940441172224203,0.0,0.0,15.940441172224203,0.0,0.0
reach_far_y,1,PyRoki,0.14817894511002552,2.040497670200153,0.0,0.20243148451237714,1.2146945023734077,0.0,0.29066464758758487,1.2153058043041238,0.0,0.29066464758758487,1.2153058043041238,0.0
reach_far_y,2,PyRoki,8.429369702178807e-05,22.242020961070995,0.0,0.010468805467696744,22.276706374226194,0.0,0.009174130761505613,20.592410966648433,0.0,0.009174130761505613,20.592410966648433,0.0
reach_far_y,3,PyRoki,0.0001228781230931777,9.1710589231162,0.0,0.03707750274436869,9.14364254378777,0.0,0.005803729696385553,9.167327932282081,0.0,0.005803729696385553,9.167327932282081,0.0
reach_far_y,4,PyRoki,0.00026151431761360536,6.900656231679773,0.0,0.010495326941606417,6.9157680252184255,0.0,0.028330426878235608,6.910037496504785,0.0,0.028330426878235608,6.910037496504785,0.0
reach_far_y,5,PyRoki,0.0001228781230931777,5.698655635878834,0.0,0.004427425631535979,5.701534560613995,0.0,0.02426306252097412,5.695483013009363,0.0,0.02426306252097412,5.695483013009363,0.0
reach_far_y,6,PyRoki,7.300048299977714e-05,4.9068215601155005,0.0,0.07040253528552914,4.883639898072477,0.0,0.015779506530850477,4.903013729653218,0.0,0.015779506530850477,4.903013729653218,0.0
reach_far_y,7,PyRoki,0.00013075715880680268,4.323414121969691,0.0,0.0472462623525441,4.332788556605534,0.0,0.03161750068710632,4.32808597136198,0.0,0.03161750068710632,4.32808597136198,0.0
reach_far_y,8,PyRoki,0.00010848209096909342,3.86195971145446,0.0,0.03325311895256421,3.8672940891962395,0.0,0.023180503261691816,3.85879391877416,0.0,0.023180503261691816,3.85879391877416,0.0
reach_far_y,9,PyRoki,0.00029839552036674006,3.478509476355359,0.0,0.023890985782941094,3.4817606464002844,0.0,0.03059087903984832,3.4802989859179028,0.0,0.03059087903984832,3.4802989859179028,0.0
reach_far_y,10,PyRoki,7.300048299977714e-05,3.1476995091895463,0.0,0.017396210643873106,3.14981686783225,0.0,0.010981377353408138,3.1419006785842054,0.0,0.010981377353408138,3.1419006785842054,0.0
reach_far_y,11,PyRoki,0.00016858739404357613,2.853830620149748,0.0,0.012635596012514794,2.8553264315779803,0.0,0.03040216693338046,2.8588781299463872,0.0,0.03040216693338046,2.8588781299463872,0.0
reach_far_y,12,PyRoki,0.00011151007970493857,2.586688261332209,0.0,0.008835622137483129,2.587787921788581,0.0,0.016885612943288553,2.582986298802062,0.0,0.016885612943288553,2.582986298802062,0.0
reach_far_y,13,PyRoki,0.00016118070224511576,2.3391212246759268,0.0,0.006150046991928585,2.339940847376328,0.0,0.016390979287299195,2.338807035974106,0.0,0.016390979287299195,2.338807035974106,0.0
reach_far_y,14,PyRoki,0.00016858739404357613,2.1060205286817317,0.0,0.0045290951245893826,2.106689887220393,0.0,0.003915490996931136,2.1028171699609954,0.0,0.003915490996931136,2.1028171699609954,0.0
reach_far_y,15,PyRoki,0.0002119163074095233,1.8837525127111772,0.0,0.003564119779574771,1.8842784372772676,0.0,0.0011933030006600275,1.8830899843616855,0.0,0.0011933030006600275,1.8830899843616855,0.0
reach_far_y,16,PyRoki,0.00010975390570354636,1.914399571517024,0.0,0.003933518484961938,1.9143551752874188,0.0,0.0007344020325155024,1.9143893262332692,0.0,0.0007344020325155024,1.9143893262332692,0.0
reach_far_y,17,PyRoki,0.0001341104507446289,1.9760334910399269,0.0,0.004756155608402914,1.9759890948103214,0.0,0.0005094802676820385,1.9760164155670015,0.0,0.0005094802676820385,1.9760164155670015,0.0
reach_far_y,18,PyRoki,0.0002016135920246662,2.0350394952796664,0.0,0.006085324132472527,2.035000221691939,0.0,0.00021335215960854818,2.035020712259449,0.0,0.00021335215960854818,2.035020712259449,0.0
reach_far_y,19,PyRoki,6.828569911354542e-05,2.0906594332383728,0.0,0.007089508346310792,2.0906286973871078,0.0,0.00016340398937062404,2.090649187954618,0.0,0.00016340398937062404,2.090649187954618,0.0
reach_far_y,20,PyRoki,8.024520884654676e-05,2.1421095407087867,0.0,0.008229988355455704,2.1420924652358613,0.0,0.0001519626234052415,2.1421095407087867,0.0,0.0001519626234052415,2.1421095407087867,0.0
reach_far_y,21,PyRoki,7.028863677424641e-05,2.188648742165961,0.0,0.009494612530741237,2.188631666693036,0.0,0.00016049041769309352,2.1886470346186684,0.0,0.00016049041769309352,2.1886470346186684,0.0
reach_far_y,22,PyRoki,0.0001301187962038292,2.2295513300105823,0.0,0.010617576658487476,2.2295342545376573,0.0,0.00013348812510944095,2.2295479149159974,0.0,0.00013348812510944095,2.2295479149159974,0.0
reach_far_y,23,PyRoki,0.00019371509552001953,2.264158190987744,0.0,0.01173497428560669,2.264146238156697,0.0,0.00024073562653964027,2.264158190987744,0.0,0.00024073562653964027,2.264158190987744,0.0
reach_far_y,24,PyRoki,9.064022496787041e-05,2.2919271788320774,0.0,0.01296576571636885,2.2919220561902005,0.0,0.00017441362009524742,2.29192888637937,0.0,0.00017441362009524742,2.29192888637937,0.0
reach_far_y,25,PyRoki,1.4901161193847656e-05,2.3124279916258708,0.0,0.01446429244141872,2.3124296991731628,0.0,0.00017441362009524742,2.3124288453995168,0.0,0.00017441362009524742,2.3124288453995168,0.0
reach_far_y,26,PyRoki,0.00019082797281243946,2.325350709535535,0.0,0.01644186320354622,2.3253515633091815,0.0,0.00020212918469683134,2.3253532708564735,0.0,0.00020212918469683134,2.3253532708564735,0.0
reach_far_y,27,PyRoki,0.00016924465733171324,2.3305758042505946,0.0,0.018913864931258195,2.3305647051931935,0.0,0.00018907453925087332,2.3305655589668395,0.0,0.00018907453925087332,2.3305655589668395,0.0
reach_far_y,28,PyRoki,0.00016323404237781946,2.328056531663918,0.0,0.021708388858148617,2.32807872977872,0.0,0.00013328003749250113,2.328054824116625,0.0,0.00013328003749250113,2.328054824116625,0.0
reach_far_y,29,PyRoki,0.00013657139822709083,2.317995556294783,0.0,0.019018202062131485,2.3181191400300785,0.0,0.0001999200562387517,2.3179971571203697,0.0,0.0001999200562387517,2.3179971571203697,0.0
reach_far_y,30,PyRoki,0.00022500259981366247,2.300672595734044,0.0,0.002813598097594469,2.301069600479551,0.0,0.00021490760299348766,2.30066587226658,0.0,0.00021490760299348766,2.30066587226658,0.0
reach_far_y,31,PyRoki,0.00011151007970493857,2.276489884090791,0.0,0.007961237354093936,2.2763597903314436,0.0,0.00014901161193847656,2.2765026906954846,0.0,0.00014901161193847656,2.2765026906954846,0.0
reach_far_y,32,PyRoki,0.00027637536810325695,2.2460197698731292,0.0,0.004261419478200751,2.2461531720053562,0.0,0.00020212918469683134,2.2460105918064324,0.0,0.00020212918469683134,2.2460105918064324,0.0
reach_far_y,33,PyRoki,8.429369702178807e-05,2.209811229535599,0.0,0.0024080940393228245,2.2098522106706193,0.0,0.0001519626234052415,2.2098090951014835,0.0,0.0001519626234052415,2.2098090951014835,0.0
reach_far_y,34,PyRoki,8.429369702178807e-05,2.168556886948722,0.0,0.04351413608734162,2.1678644765216117,0.0,0.0002086162567138672,2.168557740722368,0.0,0.0002086162567138672,2.168557740722368,0.0
reach_far_y,35,PyRoki,9.424321830774485e-05,2.159821928773922,0.0,0.04573117573562594,2.1622261553617665,0.0,0.00013657139822709083,2.159774117449732,0.0,0.00013657139822709083,2.159774117449732,0.0
reach_far_y,36,PyRoki,0.00023276357876976294,2.3958800966787326,0.0,0.049599391926961355,2.3963035684072738,0.0,0.00013657139822709083,2.395886926867903,0.0,0.00013657139822709083,2.395886926867903,0.0
reach_far_y,37,PyRoki,4.214684851089403e-05,2.6475793977828728,0.0,0.05518015681114263,2.6465002278940104,0.0,0.0001228781230931777,2.647524756269513,0.0,0.0001228781230931777,2.647524756269513,0.0
reach_far_y,38,PyRoki,5.9604644775390625e-05,2.9202610400172917,0.0,0.06312179722843293,2.917863643618617,0.0,0.0017794257686767792,2.919735115451201,0.0,0.0017794257686767792,2.919735115451201,0.0
reach_far_y,39,PyRoki,0.00014600096599955427,3.2216772880899547,0.0,0.07447902675025024,3.217715778371347,0.0,0.03133430405185893,3.212688759142218,0.0,0.03133430405185893,3.212688759142218,0.0
reach_far_y,40,PyRoki,0.00017881393432617188,3.5632652937660465,0.0,0.09068529380150796,3.556879066892085,0.0,0.030548020100293092,3.5630774635638716,0.0,0.030548020100293092,3.5630774635638716,0.0
reach_far_y,41,PyRoki,0.00013328003749250113,3.962274699794438,0.0,0.0037219509416518176,3.992703192546844,0.0,0.008940100649991302,3.9690024361268996,0.0,0.008940100649991302,3.9690024361268996,0.0
reach_far_y,42,PyRoki,0.00017881393432617188,4.447518659188823,0.0,0.005686311226901238,4.446613659123797,0.0,0.03649709017633441,4.437198243352934,0.0,0.03649709017633441,4.437198243352934,0.0
reach_far_y,43,PyRoki,0.00017120130796843851,5.06971132653655,0.0,0.009786830383677916,5.0677510622447555,0.0,0.020901543879504176,5.0746085721714485,0.0,0.020901543879504176,5.0746085721714485,0.0
reach_far_y,44,PyRoki,0.00028115454709698565,5.93245984135754,0.0,0.019897151775998843,5.927005935305285,0.0,0.013674460400130107,5.934584030189414,0.0,0.013674460400130107,5.934584030189414,0.0
reach_far_y,45,PyRoki,0.00022500259981366247,7.292179750377828,0.0,0.05298642556881853,7.2702480129529174,0.0,0.011407556677079609,7.291903127716443,0.0,0.011407556677079609,7.291903127716443,0.0
reach_far_y,46,PyRoki,5.9604644775390625e-05,10.100229320068273,0.0,0.023336208013157462,10.111150792551124,0.0,0.00788878225783602,10.099925376650207,0.0,0.00788878225783602,10.099925376650207,0.0
reach_far_y,47,PyRoki,1.6660439461696597,19.476645562876197,0.0,3.6900943188224415,19.476162755546717,0.0,3.897430627376239,17.69866749575348,0.0,3.897430627376239,17.69866749575348,0.0
reach_far_y,48,PyRoki,9.165906508728481,4.059070433164565,0.0,18.815070050796702,1.292538168344043,0.0,19.4522371449165,1.2612046755266095,0.0,19.4522371449165,1.2612046755266095,0.0
reach_far_y,49,PyRoki,17.95986538094785,3.873255136794368,0.0,34.35932286097022,1.241048787285902,0.0,35.395357374299685,1.2117062946115271,0.0,35.395357374299685,1.2117062946115271,0.0
reach_far_y,50,PyRoki,28.012897490365745,3.5701631444975255,0.0,50.29484510393673,1.1918099535592799,0.0,51.69816913217485,1.1642330647853534,0.0,51.69816913217485,1.1642330647853534,0.0
reach_far_y,51,PyRoki,39.31705755117296,3.313361798805092,0.0,66.59526213088128,1.1447567803670622,0.0,68.3336561859712,1.1187371747238986,0.0,68.3336561859712,1.1187371747238986,0.0
reach_far_y,52,PyRoki,51.75661593654315,3.0483700958024604,0.0,83.23763436853943,1.0997287582637532,0.0,85.29318408450798,1.075010303657477,0.0,85.29318408450798,1.075010303657477,0.0
reach_far_y,53,PyRoki,65.31003538011136,2.771716378400562,0.0,100.20040800404685,1.0566917363035027,0.0,102.5530953114781,1.0331924704640738,0.0,102.5530953114781,1.0331924704640738,0.0
reach_far_y,54,PyRoki,79.79159739697089,2.5182198837710623,0.0,117.46373972096912,1.015536431459591,0.0,120.0955982597242,0.9931743921169691,0.0,120.0955982597242,0.9931743921169691,0.0
reach_far_y,55,PyRoki,95.25770303344193,2.2610999737868713,0.0,135.00989992400625,0.9762286927861673,0.0,138.0532879485386,0.9311631046424234,0.0,138.0532879485386,0.9311631046424234,0.0
reach_far_y,56,PyRoki,111.37531119920087,1.9202427983519699,0.0,152.82189069719362,0.9386387466890023,0.0,156.33730609881508,0.8873030448871865,0.0,156.33730609881508,0.8873030448871865,0.0
reach_far_y,57,PyRoki,128.29360816104094,1.7093009435725885,0.0,170.88465498797427,0.9027734233572655,0.0,174.84688815531976,0.8534731179281133,0.0,174.84688815531976,0.8534731179281133,0.0
reach_far_y,58,PyRoki,145.6800543331693,1.622243352411606,0.0,189.1831752648376,0.8685097793858964,0.0,193.57020180486924,0.8211799835322929,0.0,193.57020180486924,0.8211799835322929,0.0
reach_far_y,59,PyRoki,163.47766261480297,1.4178226207422944,0.0,207.70395386687665,0.8358000034507053,0.0,212.49052634272388,0.7904509624564057,0.0,212.49052634272388,0.7904509624564057,0.0
spin_tool_y_2turns,0,PyRoki,5.9604644775390625e-05,0.0,0.0,7.300048299977714e-05,0.0,0.0,0.00020212918469683134,0.0,0.0,0.00020212918469683134,0.0,0.0
spin_tool_y_2turns,1,PyRoki,6.664001874625056e-05,3.6409208949813725,0.0,0.008347417168341009,3.6010750865769183,0.0,0.00020212918469683134,3.6007485792687683,0.0,0.00020212918469683134,3.6007485792687683,0.0
spin_tool_y_2turns,2,PyRoki,4.214684851089403e-05,3.626169628474572,0.0,0.007073956484480574,3.581124957785161,0.0,0.0002546311540996292,3.610502028292209,0.0,0.0002546311540996292,3.610502028292209,0.0
spin_tool_y_2turns,3,PyRoki,0.0001228781230931777,3.6103824999817338,0.0,0.008642365187045866,3.570272214080834,0.0,0.00016858739404357613,3.629416529651267,0.0,0.00016858739404357613,3.629416529651267,0.0
spin_tool_y_2turns,4,PyRoki,9.424321830774485e-05,3.593504248768986,0.0,0.008894682732577276,3.5583185292596653,0.0,0.00023276357876976294,3.3500874058071326,0.0,0.00023276357876976294,3.3500874058071326,0.0
spin_tool_y_2turns,5,PyRoki,7.300048299977714e-05,3.5753837569009423,0.0,0.00914703140328004,3.5342258907360917,0.0,0.00016049041769309352,3.2693776217060315,0.0,0.00016049041769309352,3.2693776217060315,0.0
spin_tool_y_2turns,6,PyRoki,0.0001264405455326821,3.5560218781512485,0.0,0.009582547370042955,3.5143508940250006,0.0,0.00024755668231600747,3.3637452228262195,0.0,0.00024755668231600747,3.3637452228262195,0.0
spin_tool_y_2turns,7,PyRoki,6.664001874625056e-05,3.5353520181754976,0.0,0.00951851839390932,3.4931294962737716,0.0,0.00017120130796843851,3.329577201503231,0.0,0.00017120130796843851,3.329577201503231,0.0
spin_tool_y_2turns,8,PyRoki,0.0002086162567138672,3.513377592068274,0.0,0.009681398072125442,3.4705198625737363,0.0,9.424321830774485e-05,3.3175833893206885,0.0,9.424321830774485e-05,3.3175833893206885,0.0
spin_tool_y_2turns,9,PyRoki,0.00010745380149674383,3.489721231877935,0.0,0.027219490703270892,3.440798294400426,0.0,0.00011151007970493857,3.275990952369896,0.0,0.00011151007970493857,3.275990952369896,0.0
spin_tool_y_2turns,10,PyRoki,0.0001519626234052415,3.464702248948178,0.0,0.029868603552945856,3.420592887288236,0.0,0.0006670662547826585,3.2253211940121562,0.0,0.0006670662547826585,3.2253211940121562,0.0
spin_tool_y_2turns,11,PyRoki,0.00021900144899933142,3.4378049639966677,0.0,0.03230442527530398,3.393251640040675,0.0,0.002680552818986041,3.1718476430001266,0.0,0.002680552818986041,3.1718476430001266,0.0
spin_tool_y_2turns,12,PyRoki,0.00011151007970493857,3.4093264902523,0.0,0.01052562166991264,3.3697523742012456,0.0,0.008368086686189238,3.1113389971429832,0.0,0.008368086686189238,3.1113389971429832,0.0
spin_tool_y_2turns,13,PyRoki,0.00024027400458748784,3.3791814503504485,0.0,0.010762270184987629,3.3332620885604523,0.0,0.023092011755277676,3.104077652281614,0.0,0.023092011755277676,3.104077652281614,0.0
spin_tool_y_2turns,14,PyRoki,0.00021696418193818684,3.3467107310362074,0.0,0.010848209096909341,3.3004088786526915,0.0,0.01786250865620708,3.0899878257975235,0.0,0.01786250865620708,3.0899878257975235,0.0
spin_tool_y_2turns,15,PyRoki,7.300048299977714e-05,3.312467577632349,0.0,0.011012593268452862,3.265561253507286,0.0,0.013142993119293586,3.206717466260334,0.0,0.013142993119293586,3.206717466260334,0.0
spin_tool_y_2turns,16,PyRoki,0.0001837138534477048,3.2762914806933763,0.0,0.011014609362903358,3.2286987225567274,0.0,0.045584013586702075,3.1643498028387445,0.0,0.045584013586702075,3.1643498028387445,0.0
spin_tool_y_2turns,17,PyRoki,2.9802322387695312e-05,3.2378170250986944,0.0,0.039209584891981605,3.184408360883779,0.0,0.0259314800563293,3.2843750095760864,0.0,0.0259314800563293,3.2843750095760864,0.0
spin_tool_y_2turns,18,PyRoki,0.00024027400458748784,3.1975462297522994,0.0,0.011218704157058702,3.154003773793468,0.0,0.018068885331396327,3.011389423923602,0.0,0.018068885331396327,3.011389423923602,0.0
spin_tool_y_2turns,19,PyRoki,9.424321830774485e-05,3.15483705687221,0.0,0.011268155232560067,3.1055640721997375,0.0,0.01406587531636622,3.377228016247825,0.0,0.01406587531636622,3.377228016247825,0.0
spin_tool_y_2turns,20,PyRoki,4.214684851089403e-05,3.110153959321986,0.0,0.011126049571491457,3.0603823708401032,0.0,0.05204289372605932,3.404617074819576,0.0,0.05204289372605932,3.404617074819576,0.0
spin_tool_y_2turns,21,PyRoki,6.664001874625056e-05,3.063537918236649,0.0,0.010994310604683186,3.013288216512865,0.0,0.03336594599280383,3.384881243212824,0.0,0.03336594599280383,3.384881243212824,0.0
spin_tool_y_2turns,22,PyRoki,6.664001874625056e-05,3.0150845562645787,0.0,0.01080941366704181,2.964397722433914,0.0,0.017602781516066233,3.430967944637485,0.0,0.017602781516066233,3.430967944637485,0.0
spin_tool_y_2turns,23,PyRoki,0.00011151007970493857,2.9648963262433248,0.0,0.03594665398905201,2.9142777943043607,0.0,0.012772268481671623,3.8071576886488625,0.0,0.012772268481671623,3.8071576886488625,0.0
spin_tool_y_2turns,24,PyRoki,4.214684851089403e-05,2.913376209333919,0.0,0.03441028850207253,2.9267941159584088,0.0,0.038603027681499896,3.4834989295440533,0.0,0.038603027681499896,3.4834989295440533,0.0
spin_tool_y_2turns,25,PyRoki,0.00013328003749250113,2.901559982069797,0.0,0.03314678819690656,2.9340955881811523,0.0,0.021948130702051535,3.361115599995765,0.0,0.021948130702051535,3.361115599995765,0.0
spin_tool_y_2turns,26,PyRoki,0.0001884864366154897,2.9091756429943616,0.0,0.031663785940451515,2.9399046640702484,0.0,0.011426732748327307,3.5654441241112815,0.0,0.011426732748327307,3.5654441241112815,0.0
spin_tool_y_2turns,27,PyRoki,7.300048299977714e-05,2.9149642283159474,0.0,0.029982054669779677,2.943917400207631,0.0,0.02692957705901173,3.249564950471116,0.0,0.02692957705901173,3.249564950471116,0.0
spin_tool_y_2turns,28,PyRoki,6.664001874625056e-05,2.9184988512114285,0.0,0.02823263203998455,2.9457786267564594,0.0,0.013573444747449918,2.8172686175226693,0.0,0.013573444747449918,2.8172686175226693,0.0
spin_tool_y_2turns,29,PyRoki,7.300048299977714e-05,2.9200732098151163,0.0,0.0263212552370503,2.9452185512445186,0.0,0.016140344609202866,3.1028934682342624,0.0,0.016140344609202866,3.1028934682342624,0.0
spin_tool_y_2turns,30,PyRoki,0.00017120130796843851,2.918758398399889,0.0,0.02431557219803963,2.9420151925237823,0.0,0.027403895810692126,176.45659166001292,0.0,0.027403895810692126,176.45659166001292,0.0
spin_tool_y_2turns,31,PyRoki,0.00013657139822709083,2.914714926411241,0.0,0.02227613456739925,2.935984135486661,0.0,0.02000366422772085,3.579975351570483,0.0,0.02000366422772085,3.579975351570483,0.0
spin_tool_y_2turns,32,PyRoki,8.940696716308594e-05,2.9077891145928487,0.0,0.020089064446691958,2.9271185499439847,0.0,0.0297945429662051,3.547702707742173,0.0,0.0297945429662051,3.547702707742173,0.0
spin_tool_y_2turns,33,PyRoki,0.00024755668231600747,2.8978580195396493,0.0,0.004002508482955552,2.9190520965341995,0.0,0.06336523923240554,3.410491037505787,0.0,0.06336523923240554,3.410491037505787,0.0
spin_tool_y_2turns,34,PyRoki,0.00031680303253932746,2.885112886548406,0.0,0.015576097621846308,2.8975506610269997,0.0,0.020785191704597195,3.3900756020766187,0.0,0.020785191704597195,3.3900756020766187,0.0
spin_tool_y_2turns,35,PyRoki,0.00017120130796843851,2.8698952250776175,0.0,0.013530812325505293,2.8846142827389953,0.0,0.04922631021075749,3.602993089073426,0.0,0.04922631021075749,3.602993089073426,0.0
spin_tool_y_2turns,36,PyRoki,2.9802322387695312e-05,2.852409940802385,0.0,0.0017903731222004401,2.8695195646732667,0.0,0.019059651170151817,3.387268394327744,0.0,0.019059651170151817,3.387268394327744,0.0
spin_tool_y_2turns,37,PyRoki,0.00026151431761360536,2.8332307696129893,0.0,0.0013676636106471735,2.8462627705493735,0.0,0.026238046549149657,3.6752838112488413,0.0,0.026238046549149657,3.6752838112488413,0.0
spin_tool_y_2turns,38,PyRoki,0.0001228781230931777,2.812788013427141,0.0,0.0073650336473329,2.822507372616069,0.0,0.035635017101433256,3.6775104529182654,0.0,0.035635017101433256,3.6775104529182654,0.0
spin_tool_y_2turns,39,PyRoki,0.0001737759081973225,2.7917168798376517,0.0,0.005686311226901238,2.804824012854906,0.0,0.06694310802287758,4.0443940641855,0.0,0.06694310802287758,4.0443940641855,0.0
spin_tool_y_2turns,40,PyRoki,8.940696716308594e-05,2.7707072179506924,0.0,0.004106777326771648,2.784237822696488,0.0,0.02064812779361106,3.6887802650487873,0.0,0.02064812779361106,3.6887802650487873,0.0
spin_tool_y_2turns,41,PyRoki,5.9604644775390625e-05,2.7504283863049253,0.0,0.0029367009475410014,2.7644712552384707,0.0,0.027899972200871218,3.7298365321497324,0.0,0.027899972200871218,3.7298365321497324,0.0
spin_tool_y_2turns,42,PyRoki,7.300048299977714e-05,2.730327139577577,0.0,0.002182091773508248,2.7459341218310565,0.0,0.054608695922106515,3.3757048840629116,0.0,0.054608695922106515,3.3757048840629116,0.0
spin_tool_y_2turns,43,PyRoki,2.9802322387695312e-05,2.712192987331193,0.0,0.002207988076447422,2.729097705526975,0.0,0.019746506959537682,3.522608592731546,0.0,0.019746506959537682,3.522608592731546,0.0
spin_tool_y_2turns,44,PyRoki,2.9802322387695312e-05,2.695527325756362,0.0,0.00275506311629285,2.714207893136347,0.0,0.027635126454915174,3.78723061174535,0.0,0.027635126454915174,3.78723061174535,0.0
spin_tool_y_2turns,45,PyRoki,0.0001519626234052415,2.6810678152834453,0.0,0.0033977261660207737,2.7015447224151434,0.0,0.0547963251500427,3.9339396600226393,0.0,0.0547963251500427,3.9339396600226393,0.0
spin_tool_y_2turns,46,PyRoki,0.00016049041769309352,2.6688690974258025,0.0,0.0037897025010613992,2.6912447971467643,0.0,0.01965256974617263,4.174826771670649,0.0,0.01965256974617263,4.174826771670649,0.0
spin_tool_y_2turns,47,PyRoki,8.940696716308594e-05,2.658938002372604,0.0,0.004065915017050704,2.6833559286553994,0.0,0.005506740197739646,4.456438886244859,0.0,0.005506740197739646,4.456438886244859,0.0
spin_tool_y_2turns,48,PyRoki,0.00011151007970493857,2.65149309617729,0.0,0.004071263399541196,2.67796007921109,0.0,0.0024830897264412877,3.756498175574878,0.0,0.0024830897264412877,3.756498175574878,0.0
spin_tool_y_2turns,49,PyRoki,0.0001837138534477048,2.6465002278940104,0.0,0.0037983641544234318,2.675036758246324,0.0,0.0009377081824870273,3.7871759702319903,0.0,0.0009377081824870273,3.7871759702319903,0.0
spin_tool_y_2turns,50,PyRoki,0.0001228781230931777,2.6437886427935156,0.0,0.003393541128354248,2.674442531788533,0.0,0.000347551816394645,3.73903679696174,0.0,0.000347551816394645,3.73903679696174,0.0
spin_tool_y_2turns,51,PyRoki,0.00019082797281243946,2.643378831443315,0.0,0.0019226540465699805,2.678895815127381,0.0,0.0002546311540996292,3.7354099665124636,0.0,0.0002546311540996292,3.7354099665124636,0.0
spin_tool_y_2turns,52,PyRoki,0.00013657139822709083,2.6451956617625383,0.0,0.0023199916429553703,2.6771199659431777,0.0,0.0001264405455326821,3.7173424086104863,0.0,0.0001264405455326821,3.7173424086104863,0.0
spin_tool_y_2turns,53,PyRoki,7.300048299977714e-05,2.649034228076085,0.0,0.0019960882722902715,2.6855894005139938,0.0,0.0001999200562387517,3.820415085827857,0.0,0.0001999200562387517,3.820415085827857,0.0
spin_tool_y_2turns,54,PyRoki,8.940696716308594e-05,2.654703285087196,0.0,0.0020874394187733484,2.6959986088090933,0.0,0.00016858739404357613,3.6698879618045313,0.0,0.00016858739404357613,3.6698879618045313,0.0
spin_tool_y_2turns,55,PyRoki,7.300048299977714e-05,2.671888041038948,0.0,0.0021542358837725165,2.699140495827299,0.0,0.00019082797281243946,3.6208779394151045,0.0,0.00019082797281243946,3.6208779394151045,0.0
spin_tool_y_2turns,56,PyRoki,7.300048299977714e-05,2.7049051754867897,0.0,0.0023065534318553625,2.7153417045385693,0.0,0.00016049041769309352,3.3989309423355403,0.0,0.00016049041769309352,3.3989309423355403,0.0
spin_tool_y_2turns,57,PyRoki,0.0002086162567138672,2.738728272256693,0.0,0.002575789742032516,2.723824799487725,0.0,0.00026656007498500225,3.6583918996577536,0.0,0.00026656007498500225,3.6583918996577536,0.0
spin_tool_y_2turns,58,PyRoki,0.0002421152116249788,2.773138765295217,0.0,0.002657090562663662,2.7530580091353793,0.0,0.00016858739404357613,3.681605151325688,0.0,0.00016858739404357613,3.681605151325688,0.0
spin_tool_y_2turns,59,PyRoki,0.00011151007970493857,2.808150314980702,0.0,0.0029201714003703454,2.7891350683313867,0.0,0.00020212918469683134,3.6150490132887336,0.0,0.00020212918469683134,3.6150490132887336,0.0
spin_tool_y_2turns,60,PyRoki,8.940696716308594e-05,2.843762921313149,0.0,0.0030041273146411375,2.8258131841743555,0.0,0.00020212918469683134,3.6057023262963943,0.0,0.00020212918469683134,3.6057023262963943,0.0
spin_tool_y_2turns,61,PyRoki,0.00027637536810325695,2.879662395590736,0.0,0.004145951875800843,2.8595679790525583,0.0,0.0001837138534477048,3.595627156940391,0.0,0.0001837138534477048,3.595627156940391,0.0
spin_tool_y_2turns,62,PyRoki,0.00013657139822709083,2.9161082850019238,0.0,0.005125133030879443,2.900412510289235,0.0,0.00023276357876976294,3.630879470794119,0.0,0.00023276357876976294,3.630879470794119,0.0
spin_tool_y_2turns,63,PyRoki,5.9604644775390625e-05,2.9528173640672573,0.0,0.006270255650804498,2.9383200601828054,0.0,0.00023276357876976294,3.5586958972113085,0.0,0.00023276357876976294,3.5586958972113085,0.0
spin_tool_y_2turns,64,PyRoki,0.0002086162567138672,2.9898060261463617,0.0,0.003692121664511819,2.9800424980989284,0.0,0.00021490760299348766,3.1897871348551647,0.0,0.00021490760299348766,3.1897871348551647,0.0
spin_tool_y_2turns,65,PyRoki,9.424321830774485e-05,3.026811991069491,0.0,0.00377643759184829,3.0146132732118476,0.0,0.00021490760299348766,3.3700443647882636,0.0,0.00021490760299348766,3.3700443647882636,0.0
spin_tool_y_2turns,66,PyRoki,8.940696716308594e-05,3.0636950125875595,0.0,0.009666294943300296,3.0486959171702113,0.0,0.00019314112360500874,3.340630155127604,0.0,0.00019314112360500874,3.340630155127604,0.0
spin_tool_y_2turns,67,PyRoki,0.00010745380149674383,3.1004824114572487,0.0,0.010440217614782706,3.0902917692155896,0.0,0.00011151007970493857,3.330055314745132,0.0,0.00011151007970493857,3.330055314745132,0.0
spin_tool_y_2turns,68,PyRoki,0.0001519626234052415,3.1370512442734966,0.0,0.011238953257065034,3.1278168285156394,0.0,7.300048299977714e-05,3.299481680472862,0.0,7.300048299977714e-05,3.299481680472862,0.0
spin_tool_y_2turns,69,PyRoki,0.00010323827311807139,3.173182944982864,0.0,0.004223736703216326,3.169030189967496,0.0,0.00036983709472390583,3.2484277239743093,0.0,0.00036983709472390583,3.2484277239743093,0.0
spin_tool_y_2turns,70,PyRoki,0.0001737759081973225,3.2088365324503303,0.0,0.012458582755271744,3.196938342916168,0.0,0.0012693130635647093,3.20059590921671,0.0,0.0012693130635647093,3.20059590921671,0.0
spin_tool_y_2turns,71,PyRoki,5.9604644775390625e-05,3.2439300444058556,0.0,0.0042662105171328525,3.2413345725212515,0.0,0.004125442385768319,3.1407941879386634,0.0,0.004125442385768319,3.1407941879386634,0.0
spin_tool_y_2turns,72,PyRoki,0.00021900144899933142,3.2781902732826405,0.0,0.004344806570183126,3.2717562350844878,0.0,0.015589492005275388,3.0819179572931534,0.0,0.015589492005275388,3.0819179572931534,0.0
spin_tool_y_2turns,73,PyRoki,7.300048299977714e-05,3.3116718605940423,0.0,0.004295051312519048,3.305633973367751,0.0,0.05329553570540626,3.129295564470947,0.0,0.05329553570540626,3.129295564470947,0.0
spin_tool_y_2turns,74,PyRoki,0.00022302015940987713,3.3441835610433035,0.0,0.013534717411900045,3.3335831074514433,0.0,0.03166961986360635,3.1854567949213766,0.0,0.03166961986360635,3.1854567949213766,0.0
spin_tool_y_2turns,75,PyRoki,0.00021073424255447018,3.3755751104686817,0.0,0.004452530797886355,3.3748101292816397,0.0,0.020209864330611407,3.1760328414140515,0.0,0.020209864330611407,3.1760328414140515,0.0
spin_tool_y_2turns,76,PyRoki,0.0001264405455326821,3.4060514145452787,0.0,0.013621976194508275,3.395491942088439,0.0,0.01566868259421479,3.0529374646447898,0.0,0.01566868259421479,3.0529374646447898,0.0
spin_tool_y_2turns,77,PyRoki,0.00010323827311807139,3.435270963814593,0.0,0.0046703196497665635,3.434615265654272,0.0,0.05751487647747317,3.2880906324845736,0.0,0.05751487647747317,3.2880906324845736,0.0
spin_tool_y_2turns,78,PyRoki,8.940696716308594e-05,3.463315720546665,0.0,0.013607820031496607,3.452319115982945,0.0,0.03927762931032331,3.2980183124431868,0.0,0.03927762931032331,3.2980183124431868,0.0
spin_tool_y_2turns,79,PyRoki,0.0001519626234052415,3.4899944394447355,0.0,0.013416209815843988,3.483860929570064,0.0,0.02258050597157889,3.396625753490661,0.0,0.02258050597157889,3.396625753490661,0.0
spin_tool_y_2turns,80,PyRoki,8.940696716308594e-05,3.515457384670543,0.0,0.013329236532583326,3.5089960257157107,0.0,0.016236249439420907,3.3744071481206097,0.0,0.016236249439420907,3.3744071481206097,0.0
spin_tool_y_2turns,81,PyRoki,0.00013657139822709083,3.5396362543323874,0.0,0.004613973183904768,3.5381745938500053,0.0,0.012060849274476782,3.429103302994071,0.0,0.012060849274476782,3.429103302994071,0.0
spin_tool_y_2turns,82,PyRoki,0.00021073424255447018,3.5623944446468703,0.0,0.013011094617736176,3.5496493116556267,0.0,0.03984294092153399,3.418571151293912,0.0,0.03984294092153399,3.418571151293912,0.0
spin_tool_y_2turns,83,PyRoki,9.424321830774485e-05,3.5839368612890907,0.0,0.01292397219325259,3.5759865210951958,0.0,0.017988880276769963,3.850932371039474,0.0,0.017988880276769963,3.850932371039474,0.0
spin_tool_y_2turns,84,PyRoki,7.300048299977714e-05,3.6042361835023686,0.0,0.012808794083184678,3.5956301451481525,0.0,0.011253287478814529,3.4371731714984413,0.0,0.011253287478814529,3.4371731714984413,0.0
spin_tool_y_2turns,85,PyRoki,2.9802322387695312e-05,3.623032864098244,0.0,0.012609622867997921,3.613798448340386,0.0,0.041389428422456534,3.234709289026339,0.0,0.041389428422456534,3.234709289026339,0.0
spin_tool_y_2turns,86,PyRoki,8.940696716308594e-05,3.6407572049944266,0.0,0.012491582192221148,3.630764638238698,0.0,0.015148318483269481,3.6368230160324995,0.0,0.015148318483269481,3.6368230160324995,0.0
spin_tool_y_2turns,87,PyRoki,0.00022302015940987713,3.6571359986241174,0.0,0.012333589492261397,3.646337469546327,0.0,0.04458476236211382,2.9595619485015447,0.0,0.04458476236211382,2.9595619485015447,0.0
spin_tool_y_2turns,88,PyRoki,8.940696716308594e-05,3.672312678959886,0.0,0.012174859682367357,3.660708187560034,0.0,0.030924501566396135,3.167288491729143,0.0,0.030924501566396135,3.167288491729143,0.0
spin_tool_y_2turns,89,PyRoki,0.00013657139822709083,3.686307736569242,0.0,0.012016694040095473,3.6738972828473284,0.0,0.012535729720248577,2.7458180086151662,0.0,0.012535729720248577,2.7458180086151662,0.0
spin_tool_y_2turns,90,PyRoki,0.00019082797281243946,3.699175812965546,0.0,0.011900571487742248,3.685843283705681,0.0,0.05176474664417738,176.11756839037017,0.0,0.05176474664417738,176.11756839037017,0.0
spin_tool_y_2turns,91,PyRoki,2.9802322387695312e-05,3.7109578892838178,0.0,0.011742039380096169,3.696716944864342,0.0,0.029913115196322688,3.665366376573983,0.0,0.029913115196322688,3.665366376573983,0.0
spin_tool_y_2turns,92,PyRoki,0.0001737759081973225,3.721626644767378,0.0,0.011638255254165399,3.7065524172691595,0.0,0.02203256488217165,3.565181161828235,0.0,0.02203256488217165,3.565181161828235,0.0
spin_tool_y_2turns,93,PyRoki,8.940696716308594e-05,3.7312845322537758,0.0,0.011569022024348945,3.715267738650096,0.0,0.027471793062592613,3.5788142194115813,0.0,0.027471793062592613,3.5788142194115813,0.0
spin_tool_y_2turns,94,PyRoki,0.0001264405455326821,3.740013514013052,0.0,0.01151114461105593,3.7230814750605905,0.0,0.08082300270232792,3.525743649560582,0.0,0.08082300270232792,3.525743649560582,0.0
spin_tool_y_2turns,95,PyRoki,0.0001519626234052415,3.747888722126077,0.0,0.011437764815421348,3.7299731359331334,0.0,0.027956579976519288,3.5542391987778754,0.0,0.027956579976519288,3.5542391987778754,0.0
spin_tool_y_2turns,96,PyRoki,7.300048299977714e-05,3.7547462320527694,0.0,0.0049820712677499605,3.7420079292506956,0.0,0.04792771274329878,3.522506139893996,0.0,0.04792771274329878,3.522506139893996,0.0
spin_tool_y_2turns,97,PyRoki,0.0001837138534477048,3.7609753645758213,0.0,0.011061600779795304,3.735000155162263,0.0,0.017883529138180174,4.3560829167698625,0.0,0.017883529138180174,4.3560829167698625,0.0
spin_tool_y_2turns,98,PyRoki,0.00011151007970493857,3.766316572506771,0.0,0.004996312906943651,3.7514950620078427,0.0,0.023086818722651316,4.240850795282578,0.0,0.023086818722651316,4.240850795282578,0.0
spin_tool_y_2turns,99,PyRoki,9.424321830774485e-05,3.7708074218860546,0.0,0.011016786330505922,3.7428241368565125,0.0,0.029616986603539928,3.7368921175623564,0.0,0.029616986603539928,3.7368921175623564,0.0
spin_tool_y_2turns,100,PyRoki,0.00010323827311807139,3.774683554240037,0.0,0.01133432904074369,3.7518536469392694,0.0,0.05597537056786017,3.707884304157312,0.0,0.05597537056786017,3.707884304157312,0.0
spin_tool_y_2turns,101,PyRoki,0.00023466372114455138,3.777886912960773,0.0,0.005159245977853067,3.760183062632099,0.0,0.019051144784623282,3.7491932882575494,0.0,0.019051144784623282,3.7491932882575494,0.0
spin_tool_y_2turns,102,PyRoki,0.00010323827311807139,3.7805131206966425,0.0,0.005195614180243362,3.755569269847756,0.0,0.028187546344283693,3.666978301218106,0.0,0.028187546344283693,3.666978301218106,0.0
spin_tool_y_2turns,103,PyRoki,0.00021696418193818684,3.782415328380491,0.0,0.005251723951898842,3.756494760480293,0.0,0.05426960355266103,3.7803252904944675,0.0,0.05426960355266103,3.7803252904944675,0.0
spin_tool_y_2turns,104,PyRoki,0.00021696418193818684,3.783846253011609,0.0,0.005392655915021975,3.7567611378579233,0.0,0.01941522379285159,3.926412791557285,0.0,0.01941522379285159,3.926412791557285,0.0
spin_tool_y_2turns,105,PyRoki,0.00018128044993574082,3.7846351398607454,0.0,0.011435900988061454,3.7503578355110365,0.0,0.0277072657650607,4.017459213193555,0.0,0.0277072657650607,4.017459213193555,0.0
spin_tool_y_2turns,106,PyRoki,0.00014901161193847656,3.7849920172448783,0.0,0.00551125444857202,3.761958911816303,0.0,0.010928881805767388,4.323987857859972,0.0,0.010928881805767388,4.323987857859972,0.0
spin_tool_y_2turns,107,PyRoki,7.300048299977714e-05,3.784742715340173,0.0,0.005534332191272839,3.754414967878024,0.0,0.0039389832207996885,4.0671385941216425,0.0,0.0039389832207996885,4.0671385941216425,0.0
spin_tool_y_2turns,108,PyRoki,0.00013978528260658472,3.7840340832137844,0.0,0.005621274200541311,3.752613505484433,0.0,0.0012897899751891137,3.7637040251492406,0.0,0.0012897899751891137,3.7637040251492406,0.0
spin_tool_y_2turns,109,PyRoki,0.00017120130796843851,3.7827790359537943,0.0,0.012018504748754372,3.744060401096285,0.0,0.00073787083644509,3.795331216100985,0.0,0.00073787083644509,3.795331216100985,0.0
spin_tool_y_2turns,110,PyRoki,2.9802322387695312e-05,3.781158573573209,0.0,0.01252736642363726,3.7473747503910335,0.0,0.00036378370570342843,3.7327222870740635,0.0,0.00036378370570342843,3.7327222870740635,0.0
spin_tool_y_2turns,111,PyRoki,0.0001519626234052415,3.778987427190791,0.0,0.012749996391344361,3.7440629624172233,0.0,0.0001884864366154897,3.6882953216177157,0.0,0.0001884864366154897,3.6882953216177157,0.0
spin_tool_y_2turns,112,PyRoki,0.00014600096599955427,3.776272426995711,0.0,0.005909733650465842,3.746326316353436,0.0,0.00019082797281243946,3.7696565350109075,0.0,0.00019082797281243946,3.7696565350109075,0.0
spin_tool_y_2turns,113,PyRoki,0.0002421152116249788,3.7732101543700183,0.0,0.005926767105321438,3.735845391072052,0.0,0.00019082797281243946,3.7679336197927715,0.0,0.00019082797281243946,3.7679336197927715,0.0
spin_tool_y_2turns,114,PyRoki,0.0001228781230931777,6.566461905780218,0.0,0.012687391539350076,3.7248855121153333,0.0,0.00014901161193847656,3.6480518470280003,0.0,0.00014901161193847656,3.6480518470280003,0.0
spin_tool_y_2turns,115,PyRoki,0.00011151007970493857,7.309859695044406,0.0,4.214684851089403e-05,7.2307012176585435,0.0,0.00016049041769309352,3.379014110715783,0.0,0.00016049041769309352,3.379014110715783,0.0
spin_tool_y_2turns,116,PyRoki,0.0001228781230931777,7.226234273941354,0.0,7.300048299977714e-05,7.242650633611481,0.0,0.00019082797281243946,3.63023102970979,0.0,0.00019082797281243946,3.63023102970979,0.0
spin_tool_y_2turns,117,PyRoki,0.0002421152116249788,7.137001267529723,0.0,0.00011151007970493857,7.134877078697849,0.0,0.00016049041769309352,3.700146553601334,0.0,0.00016049041769309352,3.700146553601334,0.0
spin_tool_y_2turns,118,PyRoki,0.00010745380149674383,7.042911996618213,0.0,4.214684851089403e-05,7.043646241953988,0.0,0.00021696418193818684,3.6428088230663693,0.0,0.00021696418193818684,3.6428088230663693,0.0
spin_tool_y_2turns,119,PyRoki,6.664001874625056e-05,6.944410423502875,0.0,6.664001874625056e-05,6.945180527331793,0.0,0.00020212918469683134,3.6104607930580443,0.0,0.00020212918469683134,3.6104607930580443,0.0
spin_tool_z_2turns,0,PyRoki,6.664001874625056e-05,0.0,0.0,6.664001874625056e-05,0.0,0.0,0.00019082797281243946,0.0,0.0,0.00019082797281243946,0.0,0.0
spin_tool_z_2turns,1,PyRoki,6.574733538356251,0.0,0.0,0.0013918035541576883,89.57901184215338,0.0,0.004890215123123509,89.57360745497262,0.0,0.004890215123123509,89.57360745497262,0.0
spin_tool_z_2turns,2,PyRoki,13.131183878112518,0.0,0.0,0.015177225865447471,6.052037670704245,0.0,0.010499938050243764,6.052031694288722,0.0,0.010499938050243764,6.052031694288722,0.0
spin_tool_z_2turns,3,PyRoki,19.650988744160617,0.0,0.0,0.016383282922707413,6.054685222781272,0.0,0.008968171977472619,6.054657902024592,0.0,0.008968171977472619,6.054657902024592,0.0
spin_tool_z_2turns,4,PyRoki,26.116061369927273,0.0,0.0,0.017999696047555826,6.0582206994504,0.0,0.014266451415450403,6.058258265490836,0.0,0.014266451415450403,6.058258265490836,0.0
spin_tool_z_2turns,5,PyRoki,32.50830846169306,0.0,0.0,0.020172281511694624,6.062206114831103,0.0,0.009934158374735387,6.062226605398613,0.0,0.009934158374735387,6.062226605398613,0.0
spin_tool_z_2turns,6,PyRoki,38.80997951949665,0.0,0.0,0.02183066903026287,6.066075416995915,0.0,0.011093241484314509,6.0660856622796695,0.0,0.011093241484314509,6.0660856622796695,0.0
spin_tool_z_2turns,7,PyRoki,45.00345992596982,6.830189170012751e-06,0.0,0.024103635823283332,6.069118266271155,0.0,0.0126124400155843,6.06912851155491,0.0,0.0126124400155843,6.06912851155491,0.0
spin_tool_z_2turns,8,PyRoki,51.071503213312546,0.0,0.0,0.02616015877009966,6.0706960399694285,0.0,0.04090417332265151,6.070648228645238,0.0,0.04090417332265151,6.070648228645238,0.0
spin_tool_z_2turns,9,PyRoki,56.9972258887648,0.0,0.0,0.02818526574444331,6.069954964444483,0.0,0.03809241926344183,6.069958379539067,0.0,0.03809241926344183,6.069958379539067,0.0
spin_tool_z_2turns,10,PyRoki,62.76407926936649,0.0,0.0,0.03036704564989148,6.066266662292675,0.0,0.014546868909611403,6.0662837377656,0.0,0.014546868909611403,6.0662837377656,0.0
spin_tool_z_2turns,11,PyRoki,68.356004700029,0.0,0.0,0.03236835434357766,6.058842246664871,0.0,0.05133775078250504,179.31805524393127,0.0,0.05133775078250504,179.31805524393127,0.0
spin_tool_z_2turns,12,PyRoki,73.757360145938,0.0,0.0,0.03452195143710145,6.047087491103279,0.0,0.022500264915633245,6.047039679779088,0.0,0.022500264915633245,6.047039679779088,0.0
spin_tool_z_2turns,13,PyRoki,78.95318437759761,0.0,0.0,0.03639507881032484,6.030544772933508,0.0,0.021996132956979622,6.030517452176828,0.0,0.021996132956979622,6.030517452176828,0.0
spin_tool_z_2turns,14,PyRoki,83.92896043858279,0.0,0.0,0.03791783102352361,6.008619865697768,0.0,0.016656305754895222,6.008585714751917,0.0,0.016656305754895222,6.008585714751917,0.0
spin_tool_z_2turns,15,PyRoki,88.67077684984834,0.0,0.0,0.039561101244533985,5.980909788235024,0.0,0.06085442308590307,5.980916618424196,0.0,0.06085442308590307,5.980916618424196,0.0
spin_tool_z_2turns,16,PyRoki,93.16547530682382,0.0,0.0,0.04033426152282935,5.9471071820326324,0.0,0.021305825971928836,5.947032049951762,0.0,0.021305825971928836,5.947032049951762,0.0
spin_tool_z_2turns,17,PyRoki,97.40051281772156,0.0,0.0,0.04058713063470808,5.906624650821968,0.0,0.015352484939438511,5.9065426885519265,0.0,0.015352484939438511,5.9065426885519265,0.0
spin_tool_z_2turns,18,PyRoki,101.36406109056765,0.0,0.0,0.04002145928516949,5.858806496442708,0.0,0.017566320317838936,5.858717703983498,0.0,0.017566320317838936,5.858717703983498,0.0
spin_tool_z_2turns,19,PyRoki,105.045062530723,0.0007274151466063579,0.0,0.038589948294342834,5.802614530141013,0.0,0.0177227936495406,5.802484756546782,0.0,0.0177227936495406,5.802484756546782,0.0
spin_tool_z_2turns,20,PyRoki,108.43329148515122,0.0,0.0,0.0363180887854852,5.736293393300189,0.0,0.014755761542441218,5.736156789516789,0.0,0.014755761542441218,5.736156789516789,0.0
spin_tool_z_2turns,21,PyRoki,111.51933249118771,0.0,0.0,0.033153596855430276,5.657090519684721,0.0,0.09190920744472278,5.658237991465284,0.0,0.09190920744472278,5.658237991465284,0.0
spin_tool_z_2turns,22,PyRoki,114.29453732348226,0.0,0.0,0.030928611966958303,5.56018379574058,0.0,0.06476147172377986,5.56064824860414,0.0,0.06476147172377986,5.56064824860414,0.0
spin_tool_z_2turns,23,PyRoki,116.75119040806888,0.0,0.0,0.03171672867986801,5.437636541652211,0.0,0.028237775164633706,5.435765069819627,0.0,0.028237775164633706,5.435765069819627,0.0
spin_tool_z_2turns,24,PyRoki,118.88242614946788,0.0,0.0,0.04138936672759973,5.275952303619669,0.0,0.04395438686908065,5.2754468696210886,0.0,0.04395438686908065,5.2754468696210886,0.0
spin_tool_z_2turns,25,PyRoki,120.68232363634289,0.0,0.0,0.06481371703385706,5.051580589384749,0.0,0.019004969260730264,6.322248492006413,0.0,0.019004969260730264,6.322248492006413,0.0
spin_tool_z_2turns,26,PyRoki,122.14584493310355,0.0,0.0,0.005901198485800351,6.615014305495254,0.0,0.03003057600464307,8.362514789548431,0.0,0.03003057600464307,8.362514789548431,0.0
spin_tool_z_2turns,27,PyRoki,123.26893278211729,0.0,0.0,0.01077418874430771,9.000406646703432,0.0,0.050974875274832326,11.317568813197768,0.0,0.050974875274832326,11.317568813197768,0.0
spin_tool_z_2turns,28,PyRoki,124.04845308816046,0.0,0.0,0.01893827379248097,12.289279335847972,0.0,0.025859354236390946,15.312724043656647,0.0,0.025859354236390946,15.312724043656647,0.0
spin_tool_z_2turns,29,PyRoki,124.48223301182104,0.0,0.0,0.02668832497690213,16.002232494143076,0.0,0.022751789549882297,19.60318591797561,0.0,0.022751789549882297,19.60318591797561,0.0
spin_tool_z_2turns,30,PyRoki,124.56802001044682,0.0009182475811104017,0.0,0.06663344771643444,18.30864436977064,0.0,0.018791120534375438,21.910003762971964,0.0,0.018791120534375438,21.910003762971964,0.0
spin_tool_z_2turns,31,PyRoki,124.30763840603603,0.0,0.0,0.07558004100912004,17.411845654389843,0.0,0.016663363005023066,20.09492965613891,0.0,0.016663363005023066,20.09492965613891,0.0
spin_tool_z_2turns,32,PyRoki,123.70079459401933,0.0,0.0,0.005850466118574541,14.143192459622655,0.0,0.03822285817446451,15.493207523606003,0.0,0.03822285817446451,15.493207523606003,0.0
spin_tool_z_2turns,33,PyRoki,122.74871234605287,0.03330741748756718,0.0,0.0011422495780430318,10.537380209969307,0.0,0.08762517832267097,10.866342610964631,0.0,0.08762517832267097,10.866342610964631,0.0
spin_tool_z_2turns,34,PyRoki,121.40702927229955,0.2608227262879844,0.0,0.07800600617079527,7.706133610310206,0.0,0.07034588685173092,7.691380401702979,0.0,0.07034588685173092,7.691380401702979,0.0
spin_tool_z_2turns,35,PyRoki,0.000347551816394645,144.43509506809292,0.0,0.05226798048429533,5.817886833125161,0.0,0.02043722370378861,5.6944789752013705,0.0,0.02043722370378861,5.6944789752013705,0.0
spin_tool_z_2turns,36,PyRoki,6.828569911354542e-05,5.172037805587095,0.0,0.03452242418461534,5.173581428339518,0.0,0.022301124838173265,5.171996824452076,0.0,0.022301124838173265,5.171996824452076,0.0
spin_tool_z_2turns,37,PyRoki,0.0001737759081973225,5.36202634754017,0.0,0.02310113039488382,5.362832309862232,0.0,0.03707654454618299,5.36195804564847,0.0,0.03707654454618299,5.36195804564847,0.0
spin_tool_z_2turns,38,PyRoki,0.0001228781230931777,5.502345753848912,0.0,0.015820542558645546,5.502823867090813,0.0,0.040458924798755985,5.502373074605592,0.0,0.040458924798755985,5.502373074605592,0.0
spin_tool_z_2turns,39,PyRoki,0.00015269146510898468,5.610973082408795,0.0,0.011094952737923608,5.611218969218915,0.0,0.026685833045913855,5.6109867427871345,0.0,0.026685833045913855,5.6109867427871345,0.0
spin_tool_z_2turns,40,PyRoki,6.143906154658885e-05,5.698358522649939,0.0,0.00803482163205433,5.698495126433338,0.0,0.014737851084275161,5.698399503784958,0.0,0.014737851084275161,5.698399503784958,0.0
spin_tool_z_2turns,41,PyRoki,0.00010323827311807139,5.770785848608753,0.0,0.006132619913526527,5.770860980689624,0.0,0.016229827355060532,5.770792678797923,0.0,0.016229827355060532,5.770792678797923,0.0
spin_tool_z_2turns,42,PyRoki,0.0001228781230931777,5.831724796383607,0.0,0.004808805811769952,5.831779437896967,0.0,0.01244271051150785,5.831745286951117,0.0,0.01244271051150785,5.831745286951117,0.0
spin_tool_z_2turns,43,PyRoki,6.828569911354542e-05,5.883627403886535,0.0,0.003950606692088637,5.883647894454045,0.0,0.009602604719525438,5.883647894454045,0.0,0.009602604719525438,5.883647894454045,0.0
spin_tool_z_2turns,44,PyRoki,0.00012377834115800374,5.9276684636547765,0.0,0.0034995845795244077,5.927682124033116,0.0,0.03933502679109105,5.927675293843946,0.0,0.03933502679109105,5.927675293843946,0.0
spin_tool_z_2turns,45,PyRoki,8.560065398421926e-05,5.964763221037115,0.0,0.003015488461408845,5.964770051226285,0.0,0.029993046738430555,5.964776881415456,0.0,0.029993046738430555,5.964776881415456,0.0
spin_tool_z_2turns,46,PyRoki,0.00012013700229374392,5.995533223248023,0.0,0.002627679401058807,5.9955400534371925,0.0,0.04502391464537485,5.995553713815532,0.0,0.04502391464537485,5.995553713815532,0.0
spin_tool_z_2turns,47,PyRoki,0.00017881393432617188,6.020231187286789,0.0,0.002431584615008027,6.020231187286789,0.0,0.016842643478213515,6.02019703634094,0.0,0.016842643478213515,6.02019703634094,0.0
spin_tool_z_2turns,48,PyRoki,0.00013328003749250113,6.0394240188545245,0.0,0.002028310242554373,6.0394240188545245,0.0,0.03497436811492625,6.039471830178714,0.0,0.03497436811492625,6.039471830178714,0.0
spin_tool_z_2turns,49,PyRoki,2.9802322387695312e-05,6.053596661382302,0.0,0.0019782098263831246,6.0536034915714705,0.0,0.03448561412099504,6.053589831193131,0.0,0.03448561412099504,6.053589831193131,0.0
spin_tool_z_2turns,50,PyRoki,0.0001228781230931777,6.063008662058579,0.0,0.0018944996685162565,6.063001831869409,0.0,0.02143068818987565,6.062988171491068,0.0,0.02143068818987565,6.062988171491068,0.0
spin_tool_z_2turns,51,PyRoki,0.0001228781230931777,6.068503549245855,0.0,0.002106710127958169,6.068513794529609,0.0,0.050624102463098,179.3773344557378,0.0,0.050624102463098,179.3773344557378,0.0
spin_tool_z_2turns,52,PyRoki,0.0002421152116249788,6.070678964496503,0.0,0.0024064337299092233,6.070689209780258,0.0,0.015162237223441708,6.070788247523224,0.0,0.015162237223441708,6.070788247523224,0.0
spin_tool_z_2turns,53,PyRoki,2.9802322387695312e-05,6.0701427946466575,0.0,0.003008854039664167,6.070125719173731,0.0,0.052799227915892026,6.070105228606221,0.0,0.052799227915892026,6.070105228606221,0.0
spin_tool_z_2turns,54,PyRoki,0.00017881393432617188,6.067793209572173,0.0,0.0039014871211911933,6.067793209572173,0.0,0.04076130865770056,6.067844435990947,0.0,0.04076130865770056,6.067844435990947,0.0
spin_tool_z_2turns,55,PyRoki,2.9802322387695312e-05,6.064169794217481,0.0,0.005084070059520526,6.064195407426869,0.0,0.037950294179180194,6.064222728183548,0.0,0.037950294179180194,6.064222728183548,0.0
spin_tool_z_2turns,56,PyRoki,0.0002528810910653642,6.060174133553023,0.0,0.007482045015587596,6.060172426005731,0.0,0.03488833790354965,6.060218529782628,0.0,0.03488833790354965,6.060218529782628,0.0
spin_tool_z_2turns,57,PyRoki,8.940696716308594e-05,6.056408991773054,0.0,0.012752364647853896,6.056414114414931,0.0,0.006643779265134952,6.056315076671966,0.0,0.006643779265134952,6.056315076671966,0.0
spin_tool_z_2turns,58,PyRoki,0.0002421152116249788,6.053196241542209,0.0,0.026011896528697283,6.053218439657011,0.0,0.0043048626838777465,6.053212463241488,0.0,0.0043048626838777465,6.053212463241488,0.0
spin_tool_z_2turns,59,PyRoki,0.00019082797281243946,6.051185604605287,0.0,0.043844777223915214,6.0511563628579035,0.0,0.0023671750357521283,6.051163193047073,0.0,0.0023671750357521283,6.051163193047073,0.0
spin_tool_z_2turns,60,PyRoki,0.00013328003749250113,6.050512617528629,0.0,0.07292677004612068,6.050560215409407,0.0,2.386301675324131,110.54240602767494,0.0,2.386301675324131,110.54240602767494,0.0
spin_tool_z_2turns,61,PyRoki,0.0001228781230931777,6.051156789744725,0.0,0.019427845722420817,6.0510692779459845,0.0,0.008869133088455805,89.84532433298676,0.0,0.008869133088455805,89.84532433298676,0.0
spin_tool_z_2turns,62,PyRoki,0.00019082797281243946,6.053220147204304,0.0,0.03768740226953925,6.053316623626331,0.0,0.008925235811141605,6.053191118900331,0.0,0.008925235811141605,6.053191118900331,0.0
spin_tool_z_2turns,63,PyRoki,0.00013657139822709083,6.0563936238474225,0.0,0.014356586371907175,6.056371425732618,0.0,0.047959801093151025,6.056207501192539,0.0,0.047959801093151025,6.056207501192539,0.0
spin_tool_z_2turns,64,PyRoki,0.00019082797281243946,6.060184378836778,0.0,0.008061018630649657,6.060160473174682,0.0,0.03321928401200272,6.0603995297956335,0.0,0.03321928401200272,6.0603995297956335,0.0
spin_tool_z_2turns,65,PyRoki,7.450580596923828e-05,6.064222728183548,0.0,0.006551157868524445,6.06422443573084,0.0,0.03696570555105181,6.064215897994378,0.0,0.03696570555105181,6.064215897994378,0.0
spin_tool_z_2turns,66,PyRoki,0.00012377834115800374,6.067731737869643,0.0,0.0067389667473799,6.067731737869643,0.0,0.01864302017489811,6.067748813342567,0.0,0.01864302017489811,6.067748813342567,0.0
spin_tool_z_2turns,67,PyRoki,8.560065398421926e-05,6.070125719173731,0.0,0.006947010205206676,6.070112058795392,0.0,0.010237835180105069,6.070135964457487,0.0,0.010237835180105069,6.070135964457487,0.0
spin_tool_z_2turns,68,PyRoki,0.00014057727354849282,6.070706285253183,0.0,0.007224097700387223,6.070709700347768,0.0,0.027003769855385093,6.070665304118163,0.0,0.027003769855385093,6.070665304118163,0.0
spin_tool_z_2turns,69,PyRoki,0.00020914776396182476,6.068486473772929,0.0,0.007637132226384949,6.068500134151269,0.0,0.010471520010931462,6.068527454907949,0.0,0.010471520010931462,6.068527454907949,0.0
spin_tool_z_2turns,70,PyRoki,7.300048299977714e-05,6.06302915262609,0.0,0.007737649455329812,6.063022322436918,0.0,0.009624443035696428,6.063015492247748,0.0,0.009624443035696428,6.063015492247748,0.0
spin_tool_z_2turns,71,PyRoki,0.00012013700229374392,6.053583001003961,0.0,0.008148850923317972,6.053583001003961,0.0,0.01998563493370194,179.29717535563856,0.0,0.01998563493370194,179.29717535563856,0.0
spin_tool_z_2turns,72,PyRoki,0.00013657139822709083,6.039430849043695,0.0,0.00849670692286666,6.039437679232865,0.0,0.07140773886701601,6.039512811313735,0.0,0.07140773886701601,6.039512811313735,0.0
spin_tool_z_2turns,73,PyRoki,0.00010323827311807139,6.020278998610979,0.0,0.008892797769985814,6.020292658989319,0.0,0.05269108963512036,6.020238017475959,0.0,0.05269108963512036,6.020238017475959,0.0
spin_tool_z_2turns,74,PyRoki,0.00020212918469683134,5.995471751545493,0.0,0.009432635128164854,5.995492242113003,0.0,0.014873904393064732,5.995417110032133,0.0,0.014873904393064732,5.995417110032133,0.0
spin_tool_z_2turns,75,PyRoki,0.00012377834115800374,5.964770051226285,0.0,0.010330288436029992,5.964790541793795,0.0,0.05165039538635475,5.964783711604626,0.0,0.05165039538635475,5.964783711604626,0.0
spin_tool_z_2turns,76,PyRoki,7.598131170262075e-05,5.927702614600626,0.0,0.011608779251510895,5.927729935357306,0.0,0.04531858872264533,5.9276684636547765,0.0,0.04531858872264533,5.9276684636547765,0.0
spin_tool_z_2turns,77,PyRoki,0.0002563692708922215,5.883593252940685,0.0,0.01331977949948737,5.8836342340757035,0.0,0.04096716222975298,5.883552271805664,0.0,0.04096716222975298,5.883552271805664,0.0
spin_tool_z_2turns,78,PyRoki,0.00018671101460071904,5.831793098275307,0.0,0.015999885475874297,5.831868230356177,0.0,0.04950109454003672,5.831717966194437,0.0,0.04950109454003672,5.831717966194437,0.0
spin_tool_z_2turns,79,PyRoki,0.00020047462056687042,5.770724376906222,0.0,0.020092181153387022,5.770854150500453,0.0,0.043619924084206514,5.7706833957712025,0.0,0.043619924084206514,5.7706833957712025,0.0
spin_tool_z_2turns,80,PyRoki,0.0002602375924076584,5.698372183028278,0.0,0.02623468241192237,5.698590749081718,0.0,0.02288921190599298,5.698577088703378,0.0,0.02288921190599298,5.698577088703378,0.0
spin_tool_z_2turns,81,PyRoki,0.0001228781230931777,5.611000403165475,0.0,0.03587282718002059,5.611396554137336,0.0,0.13063113987934113,5.614538441155542,0.0,0.13063113987934113,5.614538441155542,0.0
spin_tool_z_2turns,82,PyRoki,0.00022302015940987713,5.502332093470572,0.0,0.05126763511424168,5.503056093522593,0.0,0.04603586116126718,5.500187414071188,0.0,0.04603586116126718,5.500187414071188,0.0
spin_tool_z_2turns,83,PyRoki,0.00012818463544611076,5.36198536640515,0.0,0.07655139996258432,5.363406045752512,0.0,0.05844990117971982,5.362641064565471,0.0,0.05844990117971982,5.362641064565471,0.0
spin_tool_z_2turns,84,PyRoki,9.541398640621973e-05,5.1720651263437745,0.0,0.0037125728014567464,5.564254588485908,0.0,0.034293619911037035,5.556058361481892,0.0,0.034293619911037035,5.556058361481892,0.0
spin_tool_z_2turns,85,PyRoki,0.00016924465733171324,5.70445788157876,0.0,0.006379594169735546,7.242759916638201,0.0,0.04052429073102705,7.241141161804908,0.0,0.04052429073102705,7.241141161804908,0.0
spin_tool_z_2turns,86,PyRoki,0.0001210576058124894,7.6939178169796385,0.0,0.01079560076495102,9.710261376953687,0.0,0.030862215086371818,9.71728964160963,0.0,0.030862215086371818,9.71728964160963,0.0
spin_tool_z_2turns,87,PyRoki,0.0001497548166084422,10.527944303630935,0.0,0.016846044471933153,13.19955913710308,0.0,0.038066155933330986,13.197100269001877,0.0,0.038066155933330986,13.197100269001877,0.0
spin_tool_z_2turns,88,PyRoki,0.00019371509552001953,14.144493610659543,0.0,0.022720674714883603,17.549108977931827,0.0,0.03687337426026325,17.52300741001862,0.0,0.03687337426026325,17.52300741001862,0.0
spin_tool_z_2turns,89,PyRoki,0.00020212918469683134,17.46405732795271,0.0,0.02199583011356538,21.228366251730325,0.0,0.013857222666426796,21.19330347562606,0.0,0.013857222666426796,21.19330347562606,0.0
spin_tool_z_2turns,90,PyRoki,0.00019314112360500874,18.319424115828213,0.0,0.0728199302753414,21.442447538928675,0.0,0.022780069455251746,21.525407024925286,0.0,0.022780069455251746,21.525407024925286,0.0
spin_tool_z_2turns,91,PyRoki,0.0001273155770498146,15.967968850171712,0.0,52.4617456040522,5.62941459316783,0.0,0.02062762098127943,17.94758466037197,0.0,0.02062762098127943,17.94758466037197,0.0
spin_tool_z_2turns,92,PyRoki,0.0001228781230931777,12.271732579870209,0.0,107.19416526072169,6.022205111956922,0.0,0.05268368918634867,13.060641627121484,0.0,0.05268368918634867,13.060641627121484,0.0
spin_tool_z_2turns,93,PyRoki,0.0001837138534477048,8.995973853932094,0.0,159.48772902310068,5.962461447286821,0.0,0.0818895045389819,9.000399816514262,0.0,0.0818895045389819,9.000399816514262,0.0
spin_tool_z_2turns,94,PyRoki,0.00011151007970493857,6.683626970802617,0.0,205.90444653661754,5.569916815307848,0.0,0.02713206851024558,6.597908096718958,0.0,0.02713206851024558,6.597908096718958,0.0
spin_tool_z_2turns,95,PyRoki,0.00013075715880680268,5.082767233135029,0.0,245.54949159506995,5.259122717504758,0.0,0.024529796234888906,5.050556061009248,0.0,0.024529796234888906,5.050556061009248,0.0
spin_tool_z_2turns,96,PyRoki,8.024520884654676e-05,5.274777511082427,0.0,278.3948808879488,4.957078092028454,0.0,0.00878182966030211,5.274818492217447,0.0,0.00878182966030211,5.274818492217447,0.0
spin_tool_z_2turns,97,PyRoki,5.9604644775390625e-05,5.43706280576193,0.0,306.5064531627912,4.877164878739305,0.0,0.025126733728434283,5.43703548500525,0.0,0.025126733728434283,5.43703548500525,0.0
spin_tool_z_2turns,98,PyRoki,0.00010745380149674383,5.559814965525399,0.0,329.608234916271,4.871195293404713,0.0,0.014927966624673513,5.559828625903739,0.0,0.014927966624673513,5.559828625903739,0.0
spin_tool_z_2turns,99,PyRoki,0.00016049041769309352,5.656858293252941,0.0,348.0923548114964,4.99247213230746,0.0,0.03956636280117877,5.656830972496261,0.0,0.03956636280117877,5.656830972496261,0.0
spin_tool_z_2turns,100,PyRoki,0.00013328003749250113,5.7362046008409795,0.0,362.08257886264954,5.159743465081072,0.0,0.03502300405335158,5.736218261219319,0.0,0.03502300405335158,5.736218261219319,0.0
spin_tool_z_2turns,101,PyRoki,8.429369702178807e-05,5.802484756546782,0.0,370.38630638308405,5.403526576937168,0.0,0.035829841315957005,5.802505247114293,0.0,0.035829841315957005,5.802505247114293,0.0
spin_tool_z_2turns,102,PyRoki,0.0001341104507446289,5.858717703983498,0.0,375.30530761130797,5.68389218198785,0.0,0.030600774435759984,5.8587245341726675,0.0,0.030600774435759984,5.8587245341726675,0.0
spin_tool_z_2turns,103,PyRoki,0.00025506679368948477,5.906590499876116,0.0,376.16392272791023,5.949709484106407,0.0,0.022045627161586357,5.906604160254457,0.0,0.022045627161586357,5.906604160254457,0.0
spin_tool_z_2turns,104,PyRoki,0.00016924465733171324,5.947038880140933,0.0,373.2591138871288,6.147477611524127,0.0,0.011898892120948794,5.947052540519271,0.0,0.011898892120948794,5.947052540519271,0.0
spin_tool_z_2turns,105,PyRoki,2.9802322387695312e-05,5.980875637289175,0.0,367.63331052725056,6.19250904872202,0.0,0.012718051601831506,5.980882467478346,0.0,0.012718051601831506,5.980882467478346,0.0
spin_tool_z_2turns,106,PyRoki,0.00032782554626464844,6.008626695886937,0.0,359.65362792642367,6.148570441791328,0.0,0.030485678206297388,6.008667677021958,0.0,0.030485678206297388,6.008667677021958,0.0
spin_tool_z_2turns,107,PyRoki,6.664001874625056e-05,6.030496961609318,0.0,351.1775253422657,5.943890162933557,0.0,0.026214882388391418,6.030496961609318,0.0,0.026214882388391418,6.030496961609318,0.0
spin_tool_z_2turns,108,PyRoki,0.00011151007970493857,6.047142132616639,0.0,341.1650594603136,5.797915359992044,0.0,0.04731145665324584,6.047176283562489,0.0,0.04731145665324584,6.047176283562489,0.0
spin_tool_z_2turns,109,PyRoki,0.00013657139822709083,6.058808095719021,0.0,330.19411712523976,5.654993651609527,0.0,0.032945331764619695,6.058794435340681,0.0,0.032945331764619695,6.058794435340681,0.0
spin_tool_z_2turns,110,PyRoki,4.214684851089403e-05,6.06622909625224,0.0,317.5288055336342,5.532490793750763,0.0,0.07681032746446227,179.36302520942664,0.0,0.07681032746446227,179.36302520942664,0.0
spin_tool_z_2turns,111,PyRoki,0.00014600096599955427,6.069999360674086,0.0,303.18960909659336,5.444442825160129,0.0,0.03743163387098029,6.070115473889977,0.0,0.03743163387098029,6.070115473889977,0.0
spin_tool_z_2turns,112,PyRoki,0.00019082797281243946,6.070661889023578,0.0,286.71330101178035,5.403946633571124,0.0,0.019815675986808178,6.070723360726108,0.0,0.019815675986808178,6.070723360726108,0.0
spin_tool_z_2turns,113,PyRoki,0.00013328003749250113,6.069131926649495,0.0,267.1044849518275,5.4184471251790605,0.0,0.031037083471846413,6.069138756838665,0.0,0.031037083471846413,6.069138756838665,0.0
spin_tool_z_2turns,114,PyRoki,0.00017120130796843851,6.066109567941766,0.0,243.26198015845978,5.509715527963356,0.0,0.019542439727639874,6.066143718887615,0.0,0.019542439727639874,6.066143718887615,0.0
spin_tool_z_2turns,115,PyRoki,2.9802322387695312e-05,6.06219074690547,0.0,213.53748460876895,5.73136882690861,0.0,0.01650978725549701,6.062197577094639,0.0,0.01650978725549701,6.062197577094639,0.0
spin_tool_z_2turns,116,PyRoki,0.00013328003749250113,6.058258265490836,0.0,175.70853451237375,6.134037506784834,0.0,0.011679621018034055,6.058249727754372,0.0,0.011679621018034055,6.058249727754372,0.0
spin_tool_z_2turns,117,PyRoki,0.0001228781230931777,6.054663878440116,0.0,124.61925238741885,7.4061653623415875,0.0,0.02074928776199751,6.054687784102211,0.0,0.02074928776199751,6.054687784102211,0.0
spin_tool_z_2turns,118,PyRoki,0.00014600096599955427,6.052032121175545,0.0,58.25710021083655,8.90355456427265,0.0,0.00418560859715585,6.051995408908756,0.0,0.00418560859715585,6.051995408908756,0.0
spin_tool_z_2turns,119,PyRoki,0.00011151007970493857,6.050689699653566,0.0,0.0067535639766615465,7.01467482483409,0.0,0.00019082797281243946,110.82301581198845,0.0,0.00019082797281243946,110.82301581198845,0.0
